concept_id,paper_or_manual,sa_sizes_field,pe_shape_rule,compiler_function,generated_module,metric,measured_band,existing_pack,keep_skill,pack,sources_agree
st-map,"Paper sec 8.1: designs 1-6 are space loops i, j, k, (i,j), (i,k), (j,k). Manual mm.rst Arrays 1-6.",space_time,"ST0 i; ST1 j; ST2 k; ST3 i,j; ST4 i,k; ST5 j,k",autosa_codegen_cmd / sa_sizes_space_time,selects the whole module graph,which array is generated,all six appear in ge64 HLS,none,yes,spacetime_flags,paper+manual
paper-eval-st,"Table 5 evaluates designs 1, 4, 5 only. Designs 2 and 6 called symmetric and left out.",space_time,"paper arrays are ST 0, 3, 4",manifest space_time filter,n/a,which arrays to search,ST0 has 128x8 matches; ST3/ST4 exact paper arrays absent,none,yes,spacetime_flags,paper+configs
reduction-flags,"mm.rst Arrays 3, 5, 6: --local-reduce --reduce-op=+ --simd-touch-space when k is a space loop.",space_time,"ST 2, 4, 5",dse_config.autosa_flags_for_space_time REDUCTION_SPACE_AUTOSA_ARGS,codegen of reduction arrays,"compiler flags, not latency",used on kept ST2/4/5 candidates,none,yes,spacetime_flags,manual+compiler
array-contraction,"mm.rst adds --array-contraction on Arrays 3, 5, 6 only. Turns local_C[32][32] into local_C[1][1] when time loops are parallel.",space_time,do not add on ST 0 or 3,dse_config.array_contraction_space_times,local_C in the PE,buffer shape,ST0/3 generated C_drain; ST4/5 generated C_IO,none,yes,spacetime_flags,manual+generated
sa-sizes-factors,"Manual: array_part is the tile, latency hides the inner tile, simd vectorizes k.","array_part,latency,simd",PE grid is array_part/latency on the space loops; simd is the last factor,optimizer.py sa_sizes,PE and the k loop inside it,tiling grammar,nine different 128x8 sa_sizes at mm1024,"partial: generic unroll/partition is a pragma, not sa_sizes",yes,tiling_grammar,manual+compiler
pe-shape-st0,"Manual Array 1 example array_part[32,32,32] latency[8,8] simd[2] is a 1x4 array: PEs=32/8. Paper design 1 is 128 PEs x SIMD 8.","array_part,latency,simd",PEs=array_part[i]/latency[0]; SIMD=simd,sa_sizes parser in search,PE,PE x SIMD,9 of 10 mm1024 ST0 rows are 128x8,none,yes,tiling_grammar,manual+paper+configs
pe-shape-st3,"mm_large.rst array_part[260,256,512] latency[20,16] simd[8] is 13x16x8 because 260/20 and 256/16.","array_part,latency,simd",PEs=array_part[i]/latency[0] by array_part[j]/latency[1]; SIMD=simd,same,PE,PE x SIMD,no earlier 1024 row is 13x16x8; earlier ST3 is 16x16x8 or 16x8x8,none,yes,tiling_grammar,manual+paper+configs
pe-shape-st4,"Manual Array 5: array_part[32,4,32] latency[16,16] simd[2] is 2x2. Space loops are i and k, so the second latency factor divides k, not j. Paper design 5 is 13x12x8.","array_part,latency,simd",PEs=array_part[i]/latency[0] by array_part[k]/latency[1],same,PE,PE x SIMD,no earlier 1024 row is 13x12x8,none,yes,tiling_grammar,manual+paper+configs
shape-not-one-config,A published PE x SIMD size is not one sa_sizes. mm1024 ST0 has nine 128x8 tilings with different j and k tiles and different HLS min.,"array_part,latency,simd",do not collapse rows that share only the PE x SIMD shape,n/a,n/a,HLS kernel min per sa_sizes,"within_10pct on cands 17,20,23,26; cand 32 is over_4x",none,yes,tiling_grammar,manual+configs
latency-max-modules,"Paper sec 7.2: design latency is the max of the module latencies, claimed within 5%.",n/a,n/a,latency_model.predict_design_latency takes max(latency_all) then adds drain_last_tile_latency,"PE, A_IO_*, B_IO_*, C_IO_* or C_drain_IO_*, drain","max of module LatencyBest, plus last drain tile. Kernel min and max stay separate columns.",module-max vs model is unmeasured: U280 HLS jobs 3464450/53/56 wrote 0 candidates,none. Generic pack pipelines a hot loop; it does not read AutoSA modules.,yes,latency_reading,paper+compiler
kernel-worst-not-paper,"Kernel Worst-caseLatency is the dataflow summary, not sec 7.2.",n/a,n/a,result.json csynth_latency stores the max summary,kernel top,do not rank the paper model on kernel max,ge64 median kernel-max/model is about 2x; only a minority within 10%,none,yes,latency_reading,paper+configs
ii-not-latency,Csynthed loop II is mostly 1 and sometimes 2 or 3. That number is not kernel latency and not the paper latency.,n/a,n/a,n/a,pipelined loops inside PE and IO,do not record II as latency,observed on mm64 and mm1024 reports,"partial: hls-generic-pipeline-hot-ii1 targets II, it does not define the AutoSA latency metric",yes,latency_reading,generated+configs
double-buffer-formula,"Paper double-buffering. Code: if double_buffer and in==1: outer*max(inter,intra)+intra else +inter. Else outer*(inter+intra).",n/a,n/a,predict_design_latency lines that set module_latency,"B_IO_L2_in, C_IO_L2_out and other double-buffered IO",module latency,"at N>=512, HLS max tracks outer*max+one side more closely than inter+intra",none,yes,latency_reading,compiler+configs
empty-outer,"If the outer skeleton hits a user node while latency is still 1, latency is set to 0 and one child is dropped.",n/a,n/a,predict_module_latency_xilinx module_type==1 user branch,the outer of a double-buffered module,only when the outer skeleton has no loops,mm64 ST4 B_IO outer was 0; this is not the N>=512 pattern,none,yes,latency_reading,compiler+configs
p0-lb,A non-numeric loop lower bound is forced to 0. A non-numeric upper bound raises.,n/a,n/a,predict_module_latency_xilinx lb.isnumeric else lb_n=0,the loop whose JSON bound is p0,trip count ub-lb+1 after that substitution,"mm64 inter trip used ub from JSON, which can disagree with the HLS trip. Do not substitute a different constant.",none,yes,latency_reading,compiler+generated
dram-182,Paper DRAM latency 182 ns. Code uses 182/cycle for coalesced and non-coalesced DRAM statements.,n/a,n/a,predict_module_latency_xilinx dram branch,IO modules that touch DRAM,"cycles, using the search cycle_period",old mm1024 search used cycle_period 5 while the faithful clock is 3.33 ns,none,yes,latency_reading,paper+compiler
st4-kernel-min-band,Not a paper claim. Measured kernel min.,space_time,ST4,n/a,often C_IO or PE,"HLS kernel min, not module max",mm1024 ST4: 8/10 within 10% of the model on kernel min. ge64 ST4: 19 within 10%.,none,yes,latency_reading,configs
st5-kernel-min-miss,Paper leaves design 6 out. ST5 is the symmetric reduction array and is in our search.,space_time,ST5,n/a,C_IO_L2_out,HLS kernel min,mm1024 ST5: 6/10 about 3-4x and 4/10 other. ge64 ST5 has no within_10pct row.,none,yes,latency_reading,paper+configs
resource-16-samples,"Paper sec 7.2: FF, LUT, DSP from 16-sample linear regression; BRAM from buffer sizes; within 10%.",n/a,n/a,optimizer synth.sample.n and resource_model training,all modules,"FF, LUT, DSP, BRAM18K after training",unmeasured against the paper 10% band while model DSP was stored as 0,none,yes,resource_model,paper+compiler
dsp-xml-tag,Vitis 2023 area XML uses tag DSP. Older reports use DSP48E.,n/a,n/a,"resource_model.py item.tag in (DSP48E, DSP)",n/a,parsed DSP count,training saw DSP 0 before the tag was accepted,none,yes,resource_model,compiler+configs
train-per-st,Each space-time is a different kernel id. Training only ST0 leaves other ids without a model.,space_time,one train per space_time directory,run_kernel_exhaustive.sbatch.sh per-ST tmp,n/a,model DSP/FF/LUT for that space-time,earlier campaigns stored model DSP 0 on the other space-times,none,yes,resource_model,compiler+configs
resource-targets,"Paper searches under FF, LUT, DSP, and BRAM. A search whose target is only BRAM+DSP, with DSP stuck at 0, is not that search.",n/a,n/a,optimizer settings search.resource_target,n/a,whether a design is legal on the chip,"mm1024 ST3 candidates 1,2,3,16,18 report 10240 DSP, 113% of U280 9024","partial: avoid-onchip-dsp-over-u280 caps a rewritten GEMM, not the AutoSA model record",yes,resource_model,paper+configs
model-dsp-zero,A stored model DSP of 0 means the recorded search did not apply a DSP model.,n/a,n/a,resource dict written by the search,n/a,model DSP,every earlier exhaustive row used here has model DSP 0,none,yes,resource_model,configs
module-names,Latency JSON names the modules the model maximizes over.,n/a,n/a,extract_latency_info / predict_design_latency,"ST0: PE, A_IO_L1/L2, B_IO_L2, C_drain_IO_L1/L2. ST3 adds L3 and C_drain. ST4/5: C_IO_L2_out not C_drain. ST2: A_IO_L1, B_IO_L1, C_IO.",max module latency,"listed from mm1024 candidates 15, 1, 13, 45, 10",partial: avoid-gemm-autosa-netlist-clone forbids emitting these names. It does not say how to read them.,yes,generated_architecture,generated+compiler
local-c-vs-reduction,Paper: designs 1 and 4 keep bufC in the PE and drain C. Design 5 accumulates C along k and does not keep that local buffer.,space_time,ST0/ST3 drain; ST2/ST4/ST5 reduction across PEs,array contraction plus space-time,C_drain_IO_* vs C_IO_L2_out,which C module is in the max,matches the loop_info file lists above,none,yes,generated_architecture,paper+generated
clock-cycle,Paper designs 4 and 5 are 300 MHz. DRAM depth in cycles is 182/cycle_period. The search cycle_period and the HLS clock are the same number.,n/a,n/a,predict_design_latency cycle argument and AUTOSA_CLOCK_NS,DRAM statements,cycle count of IO,earlier optimizer_settings_mm1024.json used cycle_period 5,none,yes,latency_reading,paper+compiler+configs
