size,space_time,kernel,hls_min_error_band,n,metric,source
1024,0,mm1024,about_3to4x,1,(hls_kernel_min-model)/model,/scratch/hpc-prf-llmfpga/asa582/projects/AutoSA/artifacts/dse/autosa_hls_error_ratios.csv
1024,0,mm1024,other,3,(hls_kernel_min-model)/model,/scratch/hpc-prf-llmfpga/asa582/projects/AutoSA/artifacts/dse/autosa_hls_error_ratios.csv
1024,0,mm1024,within_10pct,5,(hls_kernel_min-model)/model,/scratch/hpc-prf-llmfpga/asa582/projects/AutoSA/artifacts/dse/autosa_hls_error_ratios.csv
1024,0,mm1024,within_50pct,1,(hls_kernel_min-model)/model,/scratch/hpc-prf-llmfpga/asa582/projects/AutoSA/artifacts/dse/autosa_hls_error_ratios.csv
1024,1,mm1024,other,2,(hls_kernel_min-model)/model,/scratch/hpc-prf-llmfpga/asa582/projects/AutoSA/artifacts/dse/autosa_hls_error_ratios.csv
1024,1,mm1024,within_10pct,7,(hls_kernel_min-model)/model,/scratch/hpc-prf-llmfpga/asa582/projects/AutoSA/artifacts/dse/autosa_hls_error_ratios.csv
1024,1,mm1024,within_50pct,1,(hls_kernel_min-model)/model,/scratch/hpc-prf-llmfpga/asa582/projects/AutoSA/artifacts/dse/autosa_hls_error_ratios.csv
1024,2,mm1024,about_2x,2,(hls_kernel_min-model)/model,/scratch/hpc-prf-llmfpga/asa582/projects/AutoSA/artifacts/dse/autosa_hls_error_ratios.csv
1024,2,mm1024,about_3to4x,3,(hls_kernel_min-model)/model,/scratch/hpc-prf-llmfpga/asa582/projects/AutoSA/artifacts/dse/autosa_hls_error_ratios.csv
1024,2,mm1024,other,3,(hls_kernel_min-model)/model,/scratch/hpc-prf-llmfpga/asa582/projects/AutoSA/artifacts/dse/autosa_hls_error_ratios.csv
1024,2,mm1024,within_10pct,2,(hls_kernel_min-model)/model,/scratch/hpc-prf-llmfpga/asa582/projects/AutoSA/artifacts/dse/autosa_hls_error_ratios.csv
1024,3,mm1024,about_2x,2,(hls_kernel_min-model)/model,/scratch/hpc-prf-llmfpga/asa582/projects/AutoSA/artifacts/dse/autosa_hls_error_ratios.csv
1024,3,mm1024,other,3,(hls_kernel_min-model)/model,/scratch/hpc-prf-llmfpga/asa582/projects/AutoSA/artifacts/dse/autosa_hls_error_ratios.csv
1024,3,mm1024,within_10pct,2,(hls_kernel_min-model)/model,/scratch/hpc-prf-llmfpga/asa582/projects/AutoSA/artifacts/dse/autosa_hls_error_ratios.csv
1024,3,mm1024,within_50pct,3,(hls_kernel_min-model)/model,/scratch/hpc-prf-llmfpga/asa582/projects/AutoSA/artifacts/dse/autosa_hls_error_ratios.csv
1024,4,mm1024,other,1,(hls_kernel_min-model)/model,/scratch/hpc-prf-llmfpga/asa582/projects/AutoSA/artifacts/dse/autosa_hls_error_ratios.csv
1024,4,mm1024,within_10pct,8,(hls_kernel_min-model)/model,/scratch/hpc-prf-llmfpga/asa582/projects/AutoSA/artifacts/dse/autosa_hls_error_ratios.csv
1024,4,mm1024,within_50pct,1,(hls_kernel_min-model)/model,/scratch/hpc-prf-llmfpga/asa582/projects/AutoSA/artifacts/dse/autosa_hls_error_ratios.csv
1024,5,mm1024,about_3to4x,6,(hls_kernel_min-model)/model,/scratch/hpc-prf-llmfpga/asa582/projects/AutoSA/artifacts/dse/autosa_hls_error_ratios.csv
1024,5,mm1024,other,4,(hls_kernel_min-model)/model,/scratch/hpc-prf-llmfpga/asa582/projects/AutoSA/artifacts/dse/autosa_hls_error_ratios.csv
2048,0,mm2048,within_10pct,2,(hls_kernel_min-model)/model,/scratch/hpc-prf-llmfpga/asa582/projects/AutoSA/artifacts/dse/autosa_hls_error_ratios.csv
2048,3,mm2048,about_2x,1,(hls_kernel_min-model)/model,/scratch/hpc-prf-llmfpga/asa582/projects/AutoSA/artifacts/dse/autosa_hls_error_ratios.csv
2048,3,mm2048,other,4,(hls_kernel_min-model)/model,/scratch/hpc-prf-llmfpga/asa582/projects/AutoSA/artifacts/dse/autosa_hls_error_ratios.csv
2048,3,mm2048,within_10pct,1,(hls_kernel_min-model)/model,/scratch/hpc-prf-llmfpga/asa582/projects/AutoSA/artifacts/dse/autosa_hls_error_ratios.csv
2048,3,mm2048,within_50pct,2,(hls_kernel_min-model)/model,/scratch/hpc-prf-llmfpga/asa582/projects/AutoSA/artifacts/dse/autosa_hls_error_ratios.csv
2048,4,mm2048,within_10pct,3,(hls_kernel_min-model)/model,/scratch/hpc-prf-llmfpga/asa582/projects/AutoSA/artifacts/dse/autosa_hls_error_ratios.csv
2048,5,mm2048,about_3to4x,3,(hls_kernel_min-model)/model,/scratch/hpc-prf-llmfpga/asa582/projects/AutoSA/artifacts/dse/autosa_hls_error_ratios.csv
4096,3,mm4096,other,1,(hls_kernel_min-model)/model,/scratch/hpc-prf-llmfpga/asa582/projects/AutoSA/artifacts/dse/autosa_hls_error_ratios.csv
4096,3,mm4096,within_50pct,1,(hls_kernel_min-model)/model,/scratch/hpc-prf-llmfpga/asa582/projects/AutoSA/artifacts/dse/autosa_hls_error_ratios.csv
512,0,mm512,about_2x,1,(hls_kernel_min-model)/model,/scratch/hpc-prf-llmfpga/asa582/projects/AutoSA/artifacts/dse/autosa_hls_error_ratios.csv
512,0,mm512,about_3to4x,1,(hls_kernel_min-model)/model,/scratch/hpc-prf-llmfpga/asa582/projects/AutoSA/artifacts/dse/autosa_hls_error_ratios.csv
512,0,mm512,other,3,(hls_kernel_min-model)/model,/scratch/hpc-prf-llmfpga/asa582/projects/AutoSA/artifacts/dse/autosa_hls_error_ratios.csv
512,0,mm512,over_4x,2,(hls_kernel_min-model)/model,/scratch/hpc-prf-llmfpga/asa582/projects/AutoSA/artifacts/dse/autosa_hls_error_ratios.csv
512,0,mm512,within_10pct,1,(hls_kernel_min-model)/model,/scratch/hpc-prf-llmfpga/asa582/projects/AutoSA/artifacts/dse/autosa_hls_error_ratios.csv
512,0,mm512,within_50pct,2,(hls_kernel_min-model)/model,/scratch/hpc-prf-llmfpga/asa582/projects/AutoSA/artifacts/dse/autosa_hls_error_ratios.csv
512,1,mm512,within_10pct,6,(hls_kernel_min-model)/model,/scratch/hpc-prf-llmfpga/asa582/projects/AutoSA/artifacts/dse/autosa_hls_error_ratios.csv
512,1,mm512,within_50pct,4,(hls_kernel_min-model)/model,/scratch/hpc-prf-llmfpga/asa582/projects/AutoSA/artifacts/dse/autosa_hls_error_ratios.csv
512,2,mm512,about_2x,1,(hls_kernel_min-model)/model,/scratch/hpc-prf-llmfpga/asa582/projects/AutoSA/artifacts/dse/autosa_hls_error_ratios.csv
512,2,mm512,about_3to4x,2,(hls_kernel_min-model)/model,/scratch/hpc-prf-llmfpga/asa582/projects/AutoSA/artifacts/dse/autosa_hls_error_ratios.csv
512,2,mm512,other,2,(hls_kernel_min-model)/model,/scratch/hpc-prf-llmfpga/asa582/projects/AutoSA/artifacts/dse/autosa_hls_error_ratios.csv
512,2,mm512,over_4x,4,(hls_kernel_min-model)/model,/scratch/hpc-prf-llmfpga/asa582/projects/AutoSA/artifacts/dse/autosa_hls_error_ratios.csv
512,2,mm512,within_10pct,1,(hls_kernel_min-model)/model,/scratch/hpc-prf-llmfpga/asa582/projects/AutoSA/artifacts/dse/autosa_hls_error_ratios.csv
512,3,mm512,about_2x,1,(hls_kernel_min-model)/model,/scratch/hpc-prf-llmfpga/asa582/projects/AutoSA/artifacts/dse/autosa_hls_error_ratios.csv
512,3,mm512,about_3to4x,1,(hls_kernel_min-model)/model,/scratch/hpc-prf-llmfpga/asa582/projects/AutoSA/artifacts/dse/autosa_hls_error_ratios.csv
512,3,mm512,other,4,(hls_kernel_min-model)/model,/scratch/hpc-prf-llmfpga/asa582/projects/AutoSA/artifacts/dse/autosa_hls_error_ratios.csv
512,3,mm512,within_10pct,1,(hls_kernel_min-model)/model,/scratch/hpc-prf-llmfpga/asa582/projects/AutoSA/artifacts/dse/autosa_hls_error_ratios.csv
512,3,mm512,within_50pct,3,(hls_kernel_min-model)/model,/scratch/hpc-prf-llmfpga/asa582/projects/AutoSA/artifacts/dse/autosa_hls_error_ratios.csv
512,4,mm512,within_10pct,8,(hls_kernel_min-model)/model,/scratch/hpc-prf-llmfpga/asa582/projects/AutoSA/artifacts/dse/autosa_hls_error_ratios.csv
512,4,mm512,within_50pct,2,(hls_kernel_min-model)/model,/scratch/hpc-prf-llmfpga/asa582/projects/AutoSA/artifacts/dse/autosa_hls_error_ratios.csv
512,5,mm512,about_3to4x,6,(hls_kernel_min-model)/model,/scratch/hpc-prf-llmfpga/asa582/projects/AutoSA/artifacts/dse/autosa_hls_error_ratios.csv
512,5,mm512,other,4,(hls_kernel_min-model)/model,/scratch/hpc-prf-llmfpga/asa582/projects/AutoSA/artifacts/dse/autosa_hls_error_ratios.csv
64,,mm,unmeasured,3,(hls_kernel_min-model)/model,/scratch/hpc-prf-llmfpga/asa582/projects/AutoSA/artifacts/dse/autosa_hls_error_ratios.csv
64,0,mm,about_2x,1,(hls_kernel_min-model)/model,/scratch/hpc-prf-llmfpga/asa582/projects/AutoSA/artifacts/dse/autosa_hls_error_ratios.csv
64,0,mm,other,3,(hls_kernel_min-model)/model,/scratch/hpc-prf-llmfpga/asa582/projects/AutoSA/artifacts/dse/autosa_hls_error_ratios.csv
64,0,mm,within_10pct,10,(hls_kernel_min-model)/model,/scratch/hpc-prf-llmfpga/asa582/projects/AutoSA/artifacts/dse/autosa_hls_error_ratios.csv
64,0,mm,within_50pct,16,(hls_kernel_min-model)/model,/scratch/hpc-prf-llmfpga/asa582/projects/AutoSA/artifacts/dse/autosa_hls_error_ratios.csv
64,1,mm,about_2x,1,(hls_kernel_min-model)/model,/scratch/hpc-prf-llmfpga/asa582/projects/AutoSA/artifacts/dse/autosa_hls_error_ratios.csv
64,1,mm,other,5,(hls_kernel_min-model)/model,/scratch/hpc-prf-llmfpga/asa582/projects/AutoSA/artifacts/dse/autosa_hls_error_ratios.csv
64,1,mm,within_10pct,9,(hls_kernel_min-model)/model,/scratch/hpc-prf-llmfpga/asa582/projects/AutoSA/artifacts/dse/autosa_hls_error_ratios.csv
64,1,mm,within_50pct,15,(hls_kernel_min-model)/model,/scratch/hpc-prf-llmfpga/asa582/projects/AutoSA/artifacts/dse/autosa_hls_error_ratios.csv
64,2,mm,about_3to4x,6,(hls_kernel_min-model)/model,/scratch/hpc-prf-llmfpga/asa582/projects/AutoSA/artifacts/dse/autosa_hls_error_ratios.csv
64,2,mm,other,12,(hls_kernel_min-model)/model,/scratch/hpc-prf-llmfpga/asa582/projects/AutoSA/artifacts/dse/autosa_hls_error_ratios.csv
64,2,mm,over_4x,3,(hls_kernel_min-model)/model,/scratch/hpc-prf-llmfpga/asa582/projects/AutoSA/artifacts/dse/autosa_hls_error_ratios.csv
64,2,mm,within_10pct,6,(hls_kernel_min-model)/model,/scratch/hpc-prf-llmfpga/asa582/projects/AutoSA/artifacts/dse/autosa_hls_error_ratios.csv
64,2,mm,within_50pct,3,(hls_kernel_min-model)/model,/scratch/hpc-prf-llmfpga/asa582/projects/AutoSA/artifacts/dse/autosa_hls_error_ratios.csv
64,3,mm,about_2x,3,(hls_kernel_min-model)/model,/scratch/hpc-prf-llmfpga/asa582/projects/AutoSA/artifacts/dse/autosa_hls_error_ratios.csv
64,3,mm,other,17,(hls_kernel_min-model)/model,/scratch/hpc-prf-llmfpga/asa582/projects/AutoSA/artifacts/dse/autosa_hls_error_ratios.csv
64,3,mm,within_50pct,10,(hls_kernel_min-model)/model,/scratch/hpc-prf-llmfpga/asa582/projects/AutoSA/artifacts/dse/autosa_hls_error_ratios.csv
64,4,mm,about_2x,6,(hls_kernel_min-model)/model,/scratch/hpc-prf-llmfpga/asa582/projects/AutoSA/artifacts/dse/autosa_hls_error_ratios.csv
64,4,mm,about_3to4x,3,(hls_kernel_min-model)/model,/scratch/hpc-prf-llmfpga/asa582/projects/AutoSA/artifacts/dse/autosa_hls_error_ratios.csv
64,4,mm,other,10,(hls_kernel_min-model)/model,/scratch/hpc-prf-llmfpga/asa582/projects/AutoSA/artifacts/dse/autosa_hls_error_ratios.csv
64,4,mm,over_4x,1,(hls_kernel_min-model)/model,/scratch/hpc-prf-llmfpga/asa582/projects/AutoSA/artifacts/dse/autosa_hls_error_ratios.csv
64,4,mm,within_50pct,10,(hls_kernel_min-model)/model,/scratch/hpc-prf-llmfpga/asa582/projects/AutoSA/artifacts/dse/autosa_hls_error_ratios.csv
64,5,mm,about_2x,7,(hls_kernel_min-model)/model,/scratch/hpc-prf-llmfpga/asa582/projects/AutoSA/artifacts/dse/autosa_hls_error_ratios.csv
64,5,mm,about_3to4x,11,(hls_kernel_min-model)/model,/scratch/hpc-prf-llmfpga/asa582/projects/AutoSA/artifacts/dse/autosa_hls_error_ratios.csv
64,5,mm,other,9,(hls_kernel_min-model)/model,/scratch/hpc-prf-llmfpga/asa582/projects/AutoSA/artifacts/dse/autosa_hls_error_ratios.csv
64,5,mm,over_4x,3,(hls_kernel_min-model)/model,/scratch/hpc-prf-llmfpga/asa582/projects/AutoSA/artifacts/dse/autosa_hls_error_ratios.csv
