campaign,kind,model,architecture,n_benches,csynth_pass,csynth_fail,csynth_pass_rate,cosim_pass,cosim_fail,cosim_skipped,cosim_pass_rate_of_attempted,cosim_pass_rate_of_benches,notes
batch_parallel_autosa_20260708_autosa_nav_n_r3,c2hls-autosa-flash,Devstral,AutoSA flash (nav_n),1,1,0,1.0,0,,1,,0.0,inventory cosim cells=0
batch_parallel_autosa_20260708_autosa_nav_n_r4,c2hls-autosa-flash,Devstral,AutoSA flash (nav_n),4,4,0,1.0,0,,4,,0.0,inventory cosim cells=0
batch_parallel_autosa_20260708_autosa_nav_n_r5,c2hls-autosa-flash,Devstral,AutoSA flash (nav_n),16,16,0,1.0,0,,16,,0.0,inventory cosim cells=0
batch_parallel_autosa_dse_fd_20260712_212400_autosa_dse_fd_nocosim_cont,c2hls-autosa-dse-fd,Devstral,AutoSA-DSE flash+dataflow,29,29,0,1.0,0,,29,,0.0,inventory cosim cells=0
batch_parallel_autosa_dse_fd_20260713_091100_autosa_dse_fd_nocosim_plainseed,c2hls-autosa-dse-fd,Devstral,AutoSA-DSE flash+dataflow,1,1,0,1.0,0,,1,,0.0,inventory cosim cells=0
batch_parallel_autosa_dse_fd_20260713_224002_autosa_dse_fd_nocosim_plainseed_stream,c2hls-autosa-dse-fd,Devstral,AutoSA-DSE flash+dataflow,28,28,0,1.0,0,,28,,0.0,inventory cosim cells=0
batch_parallel_chathls_fd_20260713_chathls_fd_externc,c2hls-chathls-benches,Devstral,base/unknown,14,13,1,0.9285714285714286,0,,14,,0.0,inventory cosim cells=0
batch_parallel_chathls_fd_20260714_chathls_rag,c2hls-chathls-benches,Devstral,scrape/RAG1+skills,14,14,0,1.0,0,,14,,0.0,inventory cosim cells=0
batch_parallel_chathls_fd_ds_rag2_20260717_195140_rag2_skills,c2hls-chathls-benches,DeepSeek,RAG2+skills,14,14,0,1.0,14,0,0,1.0,1.0,flash_cosim bundle attempted=14; with_latency=14
batch_parallel_chathls_fd_ds_rag2_20260719_095037_ds_ctrl,c2hls-control,DeepSeek,RAG2+skills,14,14,0,1.0,0,,14,,0.0,inventory cosim cells=0
batch_parallel_chathls_fd_ds_rag2_lat_20260719_095037_ds_lat,c2hls-latency-opt,DeepSeek,RAG2+skills,16,16,0,1.0,0,,16,,0.0,inventory cosim cells=0
batch_parallel_chathls_fd_ds_rag2_ns_20260717_215344_rag2_ns,c2hls-chathls-benches,DeepSeek,RAG2+noskills,14,14,0,1.0,0,,14,,0.0,inventory cosim cells=0
batch_parallel_chathls_fd_ds_rag2_xfmr_20260720_070124,c2hls-transformer,DeepSeek,RAG2+skills,1,1,0,1.0,0,,1,,0.0,inventory cosim cells=0
batch_parallel_chathls_fd_ds_rag_20260717_195138_rag_skills,c2hls-chathls-benches,DeepSeek,scrape/RAG1+skills,13,13,0,1.0,0,,13,,0.0,inventory cosim cells=0
batch_parallel_chathls_fd_ds_rag_ns_20260718_040145_rag_ns,c2hls-chathls-benches,DeepSeek,scrape/RAG1+noskills,11,11,0,1.0,0,,11,,0.0,inventory cosim cells=0
batch_parallel_chathls_fd_ds_skills_20260717_232141_skills,c2hls-chathls-benches,DeepSeek,skills,15,15,0,1.0,0,,15,,0.0,inventory cosim cells=0
batch_parallel_chathls_fd_glm_rag2_20260718_023346_rag2_skills,c2hls-chathls-benches,GLM-4.7,RAG2+skills,14,14,0,1.0,14,1,0,0.9333333333333333,1.0,flash_cosim bundle attempted=15; with_latency=14
batch_parallel_chathls_fd_glm_rag2_ns_20260718_131155_rag2_ns,c2hls-chathls-benches,GLM-4.7,RAG2+noskills,13,13,0,1.0,0,,13,,0.0,inventory cosim cells=0
batch_parallel_chathls_fd_glm_rag_20260718_171759_rag_skills,c2hls-chathls-benches,GLM-4.7,scrape/RAG1+skills,15,15,0,1.0,0,,15,,0.0,inventory cosim cells=0
batch_parallel_chathls_fd_glm_skills_20260718_205203_skills,c2hls-chathls-benches,GLM-4.7,skills,15,15,0,1.0,15,0,0,1.0,1.0,flash_cosim bundle attempted=15; with_latency=15
batch_parallel_chathls_fd_rag2_20260717_091157_rag2_skills,c2hls-chathls-benches,Devstral,RAG2+skills,14,14,0,1.0,0,,14,,0.0,inventory cosim cells=0
batch_parallel_chathls_fd_rag2_ns_20260717_091157_rag2_ns,c2hls-chathls-benches,Devstral,RAG2+noskills,14,14,0,1.0,0,,14,,0.0,inventory cosim cells=0
batch_parallel_chathls_fd_rag_ns_20260716_chathls_rag_ns,c2hls-chathls-benches,Devstral,scrape/RAG1+noskills,9,9,0,1.0,0,,9,,0.0,inventory cosim cells=0
batch_parallel_chathls_fd_rag_ns_20260716_chathls_rag_ns2,c2hls-chathls-benches,Devstral,scrape/RAG1+noskills,14,14,0,1.0,0,,14,,0.0,inventory cosim cells=0
batch_parallel_complex_20260701_tier_a_bp_25,c2hls-tierA-complex,Devstral,Tier-A complex flash,2,2,0,1.0,0,,2,,0.0,inventory cosim cells=0
batch_parallel_complex_20260702_bpcplx_r2,c2hls-tierA-complex,Devstral,Tier-A complex flash,13,13,0,1.0,0,,13,,0.0,inventory cosim cells=0
batch_parallel_complex_tier_a_30_remaining_20260704_065754,c2hls-tierA-complex,Devstral,Tier-A complex flash,16,16,0,1.0,0,,16,,0.0,inventory cosim cells=0
batch_parallel_complex_tier_a_30_remaining_20260704_100656,c2hls-tierA-complex,Devstral,Tier-A complex flash,17,17,0,1.0,0,,17,,0.0,inventory cosim cells=0
batch_parallel_hlsfactory_ds_rag2_20260718_100518,c2hls-hlsfactory-port,DeepSeek,RAG2+skills,11,10,1,0.9090909090909091,0,,11,,0.0,inventory cosim cells=0
batch_parallel_machsuite_ds_rag2_20260718_100518,c2hls-machsuite-port,DeepSeek,RAG2+skills,12,12,0,1.0,0,,12,,0.0,inventory cosim cells=0
batch_parallel_machsuite_fd_20260710_machsuite_flash_dataflow,c2hls-machsuite-port,Devstral,base/unknown,10,10,0,1.0,0,,10,,0.0,inventory cosim cells=0
hybrid-u280-c2hlsport-20260719-090238,chathls-c2hlsport,DeepSeek,ChatHLS on c2hls-port benches,42,36,6,0.8571428571428571,0,0,42,,0.0,in-session cosim skipped=42
hybrid-u280-machsuite-tierA-20260721-012940,chathls-machsuite-tierA,DeepSeek,ChatHLS hybrid agent (machsuite + Tier-A),64,48,16,0.75,0,0,64,,0.0,in-session cosim skipped=64; dct+template invalidated; csynth comparable=48/64
hybrid-u280-split-20260717-001649,chathls-native,DeepSeek,ChatHLS hybrid agent,16,15,1,0.9375,8,6,2,0.5714285714285714,0.5,in-session cosim skipped=16; posthoc flash_cosim attempted=14 passed=8 failed=6
