track,metric,latency_kind,ch_label,ch_session,ch_model,c2_label,c2_campaign,c2_model,bench,size_family,ch_best,ch_avg,ch_worst,c2_best,c2_avg,c2_worst,ch_latency,c2_latency,ratio_c2_over_ch,winner,ch_dsp,c2_dsp,note
native_vs_chathls_poly,worst,csynth,ChatHLS native,hybrid-u280-split-20260717-001649,DeepSeek,RAG2+skills,batch_parallel_chathls_fd_ds_rag2_20260717_195140_rag2_skills,DeepSeek,2mm,hlsfactory,7582,7582,7582,54794,54794,54794,7582,54794,7.226853073067792,chathls,1116,772,xml:kernel_2mm_csynth.xml
native_vs_chathls_poly,worst,csynth,ChatHLS native,hybrid-u280-split-20260717-001649,DeepSeek,RAG2+skills,batch_parallel_chathls_fd_ds_rag2_20260717_195140_rag2_skills,DeepSeek,3mm,hlsfactory,7018,7018,7018,90644,90644,90644,7018,90644,12.915930464519807,chathls,2860,882,xml:kernel_3mm_csynth.xml
native_vs_chathls_poly,worst,csynth,ChatHLS native,hybrid-u280-split-20260717-001649,DeepSeek,RAG2+skills,batch_parallel_chathls_fd_ds_rag2_20260717_195140_rag2_skills,DeepSeek,atax,poly_mini,915,915,915,1921,1921,1921,915,1921,2.099453551912568,chathls,16,337,xml:atax_csynth.xml
native_vs_chathls_poly,worst,csynth,ChatHLS native,hybrid-u280-split-20260717-001649,DeepSeek,RAG2+skills,batch_parallel_chathls_fd_ds_rag2_20260717_195140_rag2_skills,DeepSeek,bicg,poly_mini,843,843,843,1934,1934,1934,843,1934,2.2941874258600237,chathls,16,153,xml:bicg_csynth.xml
native_vs_chathls_poly,worst,csynth,ChatHLS native,hybrid-u280-split-20260717-001649,DeepSeek,RAG2+skills,batch_parallel_chathls_fd_ds_rag2_20260717_195140_rag2_skills,DeepSeek,covariance,poly_mini,4926,10750,17022,8310,8674,9066,17022,9066,0.5326048642932676,c2hls,8,128,xml:covariance_csynth.xml
native_vs_chathls_poly,worst,csynth,ChatHLS native,hybrid-u280-split-20260717-001649,DeepSeek,RAG2+skills,batch_parallel_chathls_fd_ds_rag2_20260717_195140_rag2_skills,DeepSeek,gemm_blocked,machsuite_64,2097166,2097166,2097166,1319078,1319078,1319078,2097166,1319078,0.6289812060657096,c2hls,11,8,xml:gemm_blocked_csynth.xml
native_vs_chathls_poly,worst,csynth,ChatHLS native,hybrid-u280-split-20260717-001649,DeepSeek,RAG2+skills,batch_parallel_chathls_fd_ds_rag2_20260717_195140_rag2_skills,DeepSeek,gemm_ncubed,machsuite_64,4627,4627,4627,1319080,1319080,1319080,4627,1319080,285.0832072617247,chathls,1408,8,xml:gemm_ncubed_csynth.xml
native_vs_chathls_poly,worst,csynth,ChatHLS native,hybrid-u280-split-20260717-001649,DeepSeek,RAG2+skills,batch_parallel_chathls_fd_ds_rag2_20260717_195140_rag2_skills,DeepSeek,gesummv,poly_mini,482,482,482,2344,2344,2344,482,2344,4.863070539419087,chathls,20,8,xml:gesummv_csynth.xml
native_vs_chathls_poly,worst,csynth,ChatHLS native,hybrid-u280-split-20260717-001649,DeepSeek,RAG2+skills,batch_parallel_chathls_fd_ds_rag2_20260717_195140_rag2_skills,DeepSeek,matmul,poly_mini,660,660,660,3767,3767,3767,660,3767,5.707575757575758,chathls,19974,96,xml:matmul_csynth.xml
native_vs_chathls_poly,worst,csynth,ChatHLS native,hybrid-u280-split-20260717-001649,DeepSeek,RAG2+skills,batch_parallel_chathls_fd_ds_rag2_20260717_195140_rag2_skills,DeepSeek,mvt,poly_mini,1234,1234,1234,5007,5007,5007,1234,5007,4.0575364667747165,chathls,16,4,xml:mvt_csynth.xml
native_vs_chathls_poly,worst,csynth,ChatHLS native,hybrid-u280-split-20260717-001649,DeepSeek,RAG2+skills,batch_parallel_chathls_fd_ds_rag2_20260717_195140_rag2_skills,DeepSeek,symm,hlsfactory,311596,311596,311596,50432,50432,50432,311596,50432,0.16185060141978716,c2hls,30,668,xml:kernel_symm_csynth.xml
native_vs_chathls_poly,worst,csynth,ChatHLS native,hybrid-u280-split-20260717-001649,DeepSeek,RAG2+skills,batch_parallel_chathls_fd_ds_rag2_20260717_195140_rag2_skills,DeepSeek,syr2k,hlsfactory,394721,394721,394721,201714,392034,587234,394721,587234,1.487719173796175,chathls,38,22,xml:kernel_syr2k_csynth.xml
native_vs_chathls_poly,worst,csynth,ChatHLS native,hybrid-u280-split-20260717-001649,DeepSeek,RAG2+skills,batch_parallel_chathls_fd_ds_rag2_20260717_195140_rag2_skills,DeepSeek,syrk,hlsfactory,164241,388881,619281,172975,363295,558495,619281,558495,0.9018442354924501,c2hls,11,11,xml:kernel_syrk_csynth.xml
native_vs_chathls_poly,avg,csynth,ChatHLS native,hybrid-u280-split-20260717-001649,DeepSeek,RAG2+skills,batch_parallel_chathls_fd_ds_rag2_20260717_195140_rag2_skills,DeepSeek,2mm,hlsfactory,7582,7582,7582,54794,54794,54794,7582,54794,7.226853073067792,chathls,1116,772,xml:kernel_2mm_csynth.xml
native_vs_chathls_poly,avg,csynth,ChatHLS native,hybrid-u280-split-20260717-001649,DeepSeek,RAG2+skills,batch_parallel_chathls_fd_ds_rag2_20260717_195140_rag2_skills,DeepSeek,3mm,hlsfactory,7018,7018,7018,90644,90644,90644,7018,90644,12.915930464519807,chathls,2860,882,xml:kernel_3mm_csynth.xml
native_vs_chathls_poly,avg,csynth,ChatHLS native,hybrid-u280-split-20260717-001649,DeepSeek,RAG2+skills,batch_parallel_chathls_fd_ds_rag2_20260717_195140_rag2_skills,DeepSeek,atax,poly_mini,915,915,915,1921,1921,1921,915,1921,2.099453551912568,chathls,16,337,xml:atax_csynth.xml
native_vs_chathls_poly,avg,csynth,ChatHLS native,hybrid-u280-split-20260717-001649,DeepSeek,RAG2+skills,batch_parallel_chathls_fd_ds_rag2_20260717_195140_rag2_skills,DeepSeek,bicg,poly_mini,843,843,843,1934,1934,1934,843,1934,2.2941874258600237,chathls,16,153,xml:bicg_csynth.xml
native_vs_chathls_poly,avg,csynth,ChatHLS native,hybrid-u280-split-20260717-001649,DeepSeek,RAG2+skills,batch_parallel_chathls_fd_ds_rag2_20260717_195140_rag2_skills,DeepSeek,covariance,poly_mini,4926,10750,17022,8310,8674,9066,10750,8674,0.8068837209302325,c2hls,8,128,xml:covariance_csynth.xml
native_vs_chathls_poly,avg,csynth,ChatHLS native,hybrid-u280-split-20260717-001649,DeepSeek,RAG2+skills,batch_parallel_chathls_fd_ds_rag2_20260717_195140_rag2_skills,DeepSeek,gemm_blocked,machsuite_64,2097166,2097166,2097166,1319078,1319078,1319078,2097166,1319078,0.6289812060657096,c2hls,11,8,xml:gemm_blocked_csynth.xml
native_vs_chathls_poly,avg,csynth,ChatHLS native,hybrid-u280-split-20260717-001649,DeepSeek,RAG2+skills,batch_parallel_chathls_fd_ds_rag2_20260717_195140_rag2_skills,DeepSeek,gemm_ncubed,machsuite_64,4627,4627,4627,1319080,1319080,1319080,4627,1319080,285.0832072617247,chathls,1408,8,xml:gemm_ncubed_csynth.xml
native_vs_chathls_poly,avg,csynth,ChatHLS native,hybrid-u280-split-20260717-001649,DeepSeek,RAG2+skills,batch_parallel_chathls_fd_ds_rag2_20260717_195140_rag2_skills,DeepSeek,gesummv,poly_mini,482,482,482,2344,2344,2344,482,2344,4.863070539419087,chathls,20,8,xml:gesummv_csynth.xml
native_vs_chathls_poly,avg,csynth,ChatHLS native,hybrid-u280-split-20260717-001649,DeepSeek,RAG2+skills,batch_parallel_chathls_fd_ds_rag2_20260717_195140_rag2_skills,DeepSeek,matmul,poly_mini,660,660,660,3767,3767,3767,660,3767,5.707575757575758,chathls,19974,96,xml:matmul_csynth.xml
native_vs_chathls_poly,avg,csynth,ChatHLS native,hybrid-u280-split-20260717-001649,DeepSeek,RAG2+skills,batch_parallel_chathls_fd_ds_rag2_20260717_195140_rag2_skills,DeepSeek,mvt,poly_mini,1234,1234,1234,5007,5007,5007,1234,5007,4.0575364667747165,chathls,16,4,xml:mvt_csynth.xml
native_vs_chathls_poly,avg,csynth,ChatHLS native,hybrid-u280-split-20260717-001649,DeepSeek,RAG2+skills,batch_parallel_chathls_fd_ds_rag2_20260717_195140_rag2_skills,DeepSeek,symm,hlsfactory,311596,311596,311596,50432,50432,50432,311596,50432,0.16185060141978716,c2hls,30,668,xml:kernel_symm_csynth.xml
native_vs_chathls_poly,avg,csynth,ChatHLS native,hybrid-u280-split-20260717-001649,DeepSeek,RAG2+skills,batch_parallel_chathls_fd_ds_rag2_20260717_195140_rag2_skills,DeepSeek,syr2k,hlsfactory,394721,394721,394721,201714,392034,587234,394721,392034,0.9931926601320933,c2hls,38,22,xml:kernel_syr2k_csynth.xml
native_vs_chathls_poly,avg,csynth,ChatHLS native,hybrid-u280-split-20260717-001649,DeepSeek,RAG2+skills,batch_parallel_chathls_fd_ds_rag2_20260717_195140_rag2_skills,DeepSeek,syrk,hlsfactory,164241,388881,619281,172975,363295,558495,388881,363295,0.9342060938950476,c2hls,11,11,xml:kernel_syrk_csynth.xml
native_vs_chathls_poly,best,csynth,ChatHLS native,hybrid-u280-split-20260717-001649,DeepSeek,RAG2+skills,batch_parallel_chathls_fd_ds_rag2_20260717_195140_rag2_skills,DeepSeek,2mm,hlsfactory,7582,7582,7582,54794,54794,54794,7582,54794,7.226853073067792,chathls,1116,772,xml:kernel_2mm_csynth.xml
native_vs_chathls_poly,best,csynth,ChatHLS native,hybrid-u280-split-20260717-001649,DeepSeek,RAG2+skills,batch_parallel_chathls_fd_ds_rag2_20260717_195140_rag2_skills,DeepSeek,3mm,hlsfactory,7018,7018,7018,90644,90644,90644,7018,90644,12.915930464519807,chathls,2860,882,xml:kernel_3mm_csynth.xml
native_vs_chathls_poly,best,csynth,ChatHLS native,hybrid-u280-split-20260717-001649,DeepSeek,RAG2+skills,batch_parallel_chathls_fd_ds_rag2_20260717_195140_rag2_skills,DeepSeek,atax,poly_mini,915,915,915,1921,1921,1921,915,1921,2.099453551912568,chathls,16,337,xml:atax_csynth.xml
native_vs_chathls_poly,best,csynth,ChatHLS native,hybrid-u280-split-20260717-001649,DeepSeek,RAG2+skills,batch_parallel_chathls_fd_ds_rag2_20260717_195140_rag2_skills,DeepSeek,bicg,poly_mini,843,843,843,1934,1934,1934,843,1934,2.2941874258600237,chathls,16,153,xml:bicg_csynth.xml
native_vs_chathls_poly,best,csynth,ChatHLS native,hybrid-u280-split-20260717-001649,DeepSeek,RAG2+skills,batch_parallel_chathls_fd_ds_rag2_20260717_195140_rag2_skills,DeepSeek,covariance,poly_mini,4926,10750,17022,8310,8674,9066,4926,8310,1.686967113276492,chathls,8,128,xml:covariance_csynth.xml
native_vs_chathls_poly,best,csynth,ChatHLS native,hybrid-u280-split-20260717-001649,DeepSeek,RAG2+skills,batch_parallel_chathls_fd_ds_rag2_20260717_195140_rag2_skills,DeepSeek,gemm_blocked,machsuite_64,2097166,2097166,2097166,1319078,1319078,1319078,2097166,1319078,0.6289812060657096,c2hls,11,8,xml:gemm_blocked_csynth.xml
native_vs_chathls_poly,best,csynth,ChatHLS native,hybrid-u280-split-20260717-001649,DeepSeek,RAG2+skills,batch_parallel_chathls_fd_ds_rag2_20260717_195140_rag2_skills,DeepSeek,gemm_ncubed,machsuite_64,4627,4627,4627,1319080,1319080,1319080,4627,1319080,285.0832072617247,chathls,1408,8,xml:gemm_ncubed_csynth.xml
native_vs_chathls_poly,best,csynth,ChatHLS native,hybrid-u280-split-20260717-001649,DeepSeek,RAG2+skills,batch_parallel_chathls_fd_ds_rag2_20260717_195140_rag2_skills,DeepSeek,gesummv,poly_mini,482,482,482,2344,2344,2344,482,2344,4.863070539419087,chathls,20,8,xml:gesummv_csynth.xml
native_vs_chathls_poly,best,csynth,ChatHLS native,hybrid-u280-split-20260717-001649,DeepSeek,RAG2+skills,batch_parallel_chathls_fd_ds_rag2_20260717_195140_rag2_skills,DeepSeek,matmul,poly_mini,660,660,660,3767,3767,3767,660,3767,5.707575757575758,chathls,19974,96,xml:matmul_csynth.xml
native_vs_chathls_poly,best,csynth,ChatHLS native,hybrid-u280-split-20260717-001649,DeepSeek,RAG2+skills,batch_parallel_chathls_fd_ds_rag2_20260717_195140_rag2_skills,DeepSeek,mvt,poly_mini,1234,1234,1234,5007,5007,5007,1234,5007,4.0575364667747165,chathls,16,4,xml:mvt_csynth.xml
native_vs_chathls_poly,best,csynth,ChatHLS native,hybrid-u280-split-20260717-001649,DeepSeek,RAG2+skills,batch_parallel_chathls_fd_ds_rag2_20260717_195140_rag2_skills,DeepSeek,symm,hlsfactory,311596,311596,311596,50432,50432,50432,311596,50432,0.16185060141978716,c2hls,30,668,xml:kernel_symm_csynth.xml
native_vs_chathls_poly,best,csynth,ChatHLS native,hybrid-u280-split-20260717-001649,DeepSeek,RAG2+skills,batch_parallel_chathls_fd_ds_rag2_20260717_195140_rag2_skills,DeepSeek,syr2k,hlsfactory,394721,394721,394721,201714,392034,587234,394721,201714,0.5110293093096137,c2hls,38,22,xml:kernel_syr2k_csynth.xml
native_vs_chathls_poly,best,csynth,ChatHLS native,hybrid-u280-split-20260717-001649,DeepSeek,RAG2+skills,batch_parallel_chathls_fd_ds_rag2_20260717_195140_rag2_skills,DeepSeek,syrk,hlsfactory,164241,388881,619281,172975,363295,558495,164241,172975,1.0531779519121292,chathls,11,11,xml:kernel_syrk_csynth.xml
native_vs_chathls_poly,cosim,cosim,ChatHLS native,hybrid-u280-split-20260717-001649,DeepSeek,RAG2+skills,batch_parallel_chathls_fd_ds_rag2_20260717_195140_rag2_skills,DeepSeek,2mm,hlsfactory,7582,7582,7582,54794,54794,54794,38695,54763,1.4152474479906965,chathls,1116,772,cosim_kernel_runtime
native_vs_chathls_poly,cosim,cosim,ChatHLS native,hybrid-u280-split-20260717-001649,DeepSeek,RAG2+skills,batch_parallel_chathls_fd_ds_rag2_20260717_195140_rag2_skills,DeepSeek,atax,poly_mini,915,915,915,1921,1921,1921,1265,2015,1.592885375494071,chathls,16,337,cosim_kernel_runtime
native_vs_chathls_poly,cosim,cosim,ChatHLS native,hybrid-u280-split-20260717-001649,DeepSeek,RAG2+skills,batch_parallel_chathls_fd_ds_rag2_20260717_195140_rag2_skills,DeepSeek,bicg,poly_mini,843,843,843,1934,1934,1934,4113,2034,0.49452954048140046,c2hls,16,153,cosim_kernel_runtime
native_vs_chathls_poly,cosim,cosim,ChatHLS native,hybrid-u280-split-20260717-001649,DeepSeek,RAG2+skills,batch_parallel_chathls_fd_ds_rag2_20260717_195140_rag2_skills,DeepSeek,covariance,poly_mini,4926,10750,17022,8310,8674,9066,74630,8870,0.11885300817365671,c2hls,8,128,cosim_kernel_runtime
native_vs_chathls_poly,cosim,cosim,ChatHLS native,hybrid-u280-split-20260717-001649,DeepSeek,RAG2+skills,batch_parallel_chathls_fd_ds_rag2_20260717_195140_rag2_skills,DeepSeek,gemm_blocked,machsuite_64,2097166,2097166,2097166,1319078,1319078,1319078,1187910,1319202,1.1105235245094325,chathls,11,8,cosim_kernel_runtime
native_vs_chathls_poly,cosim,cosim,ChatHLS native,hybrid-u280-split-20260717-001649,DeepSeek,RAG2+skills,batch_parallel_chathls_fd_ds_rag2_20260717_195140_rag2_skills,DeepSeek,gesummv,poly_mini,482,482,482,2344,2344,2344,4339,3497,0.805946070523162,c2hls,20,8,cosim_kernel_runtime
native_vs_chathls_poly,cosim,cosim,ChatHLS native,hybrid-u280-split-20260717-001649,DeepSeek,RAG2+skills,batch_parallel_chathls_fd_ds_rag2_20260717_195140_rag2_skills,DeepSeek,mvt,poly_mini,1234,1234,1234,5007,5007,5007,2979,5103,1.7129909365558913,chathls,16,4,cosim_kernel_runtime
native_vs_chathls_poly,cosim,cosim,ChatHLS native,hybrid-u280-split-20260717-001649,DeepSeek,RAG2+skills,batch_parallel_chathls_fd_ds_rag2_20260717_195140_rag2_skills,DeepSeek,syr2k,hlsfactory,394721,394721,394721,201714,392034,587234,5232710,384713,0.07352079515203404,c2hls,38,22,cosim_kernel_runtime
native_vs_chathls_poly,worst,csynth,ChatHLS native,hybrid-u280-split-20260717-001649,DeepSeek,RAG2+noskills,batch_parallel_chathls_fd_ds_rag2_ns_20260717_215344_rag2_ns,DeepSeek,2mm,hlsfactory,7582,7582,7582,25322,25322,25322,7582,25322,3.339752044315484,chathls,1116,1330,xml:kernel_2mm_csynth.xml
native_vs_chathls_poly,worst,csynth,ChatHLS native,hybrid-u280-split-20260717-001649,DeepSeek,RAG2+noskills,batch_parallel_chathls_fd_ds_rag2_ns_20260717_215344_rag2_ns,DeepSeek,3mm,hlsfactory,7018,7018,7018,90518,90518,90518,7018,90518,12.89797663151895,chathls,2860,881,xml:kernel_3mm_csynth.xml
native_vs_chathls_poly,worst,csynth,ChatHLS native,hybrid-u280-split-20260717-001649,DeepSeek,RAG2+noskills,batch_parallel_chathls_fd_ds_rag2_ns_20260717_215344_rag2_ns,DeepSeek,atax,poly_mini,915,915,915,1859,1859,1859,915,1859,2.031693989071038,chathls,16,336,xml:atax_csynth.xml
native_vs_chathls_poly,worst,csynth,ChatHLS native,hybrid-u280-split-20260717-001649,DeepSeek,RAG2+noskills,batch_parallel_chathls_fd_ds_rag2_ns_20260717_215344_rag2_ns,DeepSeek,bicg,poly_mini,843,843,843,982,982,982,843,982,1.1648873072360617,chathls,16,16,xml:bicg_csynth.xml
native_vs_chathls_poly,worst,csynth,ChatHLS native,hybrid-u280-split-20260717-001649,DeepSeek,RAG2+noskills,batch_parallel_chathls_fd_ds_rag2_ns_20260717_215344_rag2_ns,DeepSeek,covariance,poly_mini,4926,10750,17022,2937,5114,6290,17022,6290,0.3695217953236987,c2hls,8,44,xml:covariance_csynth.xml
native_vs_chathls_poly,worst,csynth,ChatHLS native,hybrid-u280-split-20260717-001649,DeepSeek,RAG2+noskills,batch_parallel_chathls_fd_ds_rag2_ns_20260717_215344_rag2_ns,DeepSeek,gemm,poly_mini,902,902,902,1419,1419,1419,902,1419,1.5731707317073171,chathls,271,9160,xml:gemm_csynth.xml
native_vs_chathls_poly,worst,csynth,ChatHLS native,hybrid-u280-split-20260717-001649,DeepSeek,RAG2+noskills,batch_parallel_chathls_fd_ds_rag2_ns_20260717_215344_rag2_ns,DeepSeek,gemm_blocked,machsuite_64,2097166,2097166,2097166,593986,593986,593986,2097166,593986,0.283232705470144,c2hls,11,77,xml:gemm_blocked_csynth.xml
native_vs_chathls_poly,worst,csynth,ChatHLS native,hybrid-u280-split-20260717-001649,DeepSeek,RAG2+noskills,batch_parallel_chathls_fd_ds_rag2_ns_20260717_215344_rag2_ns,DeepSeek,gemm_ncubed,machsuite_64,4627,4627,4627,307404,307404,307404,4627,307404,66.43700021612275,chathls,1408,11,xml:gemm_ncubed_csynth.xml
native_vs_chathls_poly,worst,csynth,ChatHLS native,hybrid-u280-split-20260717-001649,DeepSeek,RAG2+noskills,batch_parallel_chathls_fd_ds_rag2_ns_20260717_215344_rag2_ns,DeepSeek,gesummv,poly_mini,482,482,482,878,878,878,482,878,1.8215767634854771,chathls,20,64,xml:gesummv_csynth.xml
native_vs_chathls_poly,worst,csynth,ChatHLS native,hybrid-u280-split-20260717-001649,DeepSeek,RAG2+noskills,batch_parallel_chathls_fd_ds_rag2_ns_20260717_215344_rag2_ns,DeepSeek,matmul,poly_mini,660,660,660,53217,53217,53217,660,53217,80.63181818181818,chathls,19974,24,xml:matmul_csynth.xml
native_vs_chathls_poly,worst,csynth,ChatHLS native,hybrid-u280-split-20260717-001649,DeepSeek,RAG2+noskills,batch_parallel_chathls_fd_ds_rag2_ns_20260717_215344_rag2_ns,DeepSeek,mvt,poly_mini,1234,1234,1234,2149,2149,2149,1234,2149,1.7414910858995138,chathls,16,32,xml:mvt_csynth.xml
native_vs_chathls_poly,worst,csynth,ChatHLS native,hybrid-u280-split-20260717-001649,DeepSeek,RAG2+noskills,batch_parallel_chathls_fd_ds_rag2_ns_20260717_215344_rag2_ns,DeepSeek,symm,hlsfactory,311596,311596,311596,1057457,21731057,42404657,311596,42404657,136.08857944261158,chathls,30,19,xml:kernel_symm_csynth.xml
native_vs_chathls_poly,worst,csynth,ChatHLS native,hybrid-u280-split-20260717-001649,DeepSeek,RAG2+noskills,batch_parallel_chathls_fd_ds_rag2_ns_20260717_215344_rag2_ns,DeepSeek,syr2k,hlsfactory,394721,394721,394721,1990797,1990797,1990797,394721,1990797,5.043554814666562,chathls,38,11,xml:kernel_syr2k_csynth.xml
native_vs_chathls_poly,worst,csynth,ChatHLS native,hybrid-u280-split-20260717-001649,DeepSeek,RAG2+noskills,batch_parallel_chathls_fd_ds_rag2_ns_20260717_215344_rag2_ns,DeepSeek,syrk,hlsfactory,164241,388881,619281,38471,1351991,2699191,619281,2699191,4.35858842754743,chathls,11,8,xml:kernel_syrk_csynth.xml
native_vs_chathls_poly,avg,csynth,ChatHLS native,hybrid-u280-split-20260717-001649,DeepSeek,RAG2+noskills,batch_parallel_chathls_fd_ds_rag2_ns_20260717_215344_rag2_ns,DeepSeek,2mm,hlsfactory,7582,7582,7582,25322,25322,25322,7582,25322,3.339752044315484,chathls,1116,1330,xml:kernel_2mm_csynth.xml
native_vs_chathls_poly,avg,csynth,ChatHLS native,hybrid-u280-split-20260717-001649,DeepSeek,RAG2+noskills,batch_parallel_chathls_fd_ds_rag2_ns_20260717_215344_rag2_ns,DeepSeek,3mm,hlsfactory,7018,7018,7018,90518,90518,90518,7018,90518,12.89797663151895,chathls,2860,881,xml:kernel_3mm_csynth.xml
native_vs_chathls_poly,avg,csynth,ChatHLS native,hybrid-u280-split-20260717-001649,DeepSeek,RAG2+noskills,batch_parallel_chathls_fd_ds_rag2_ns_20260717_215344_rag2_ns,DeepSeek,atax,poly_mini,915,915,915,1859,1859,1859,915,1859,2.031693989071038,chathls,16,336,xml:atax_csynth.xml
native_vs_chathls_poly,avg,csynth,ChatHLS native,hybrid-u280-split-20260717-001649,DeepSeek,RAG2+noskills,batch_parallel_chathls_fd_ds_rag2_ns_20260717_215344_rag2_ns,DeepSeek,bicg,poly_mini,843,843,843,982,982,982,843,982,1.1648873072360617,chathls,16,16,xml:bicg_csynth.xml
native_vs_chathls_poly,avg,csynth,ChatHLS native,hybrid-u280-split-20260717-001649,DeepSeek,RAG2+noskills,batch_parallel_chathls_fd_ds_rag2_ns_20260717_215344_rag2_ns,DeepSeek,covariance,poly_mini,4926,10750,17022,2937,5114,6290,10750,5114,0.4757209302325581,c2hls,8,44,xml:covariance_csynth.xml
native_vs_chathls_poly,avg,csynth,ChatHLS native,hybrid-u280-split-20260717-001649,DeepSeek,RAG2+noskills,batch_parallel_chathls_fd_ds_rag2_ns_20260717_215344_rag2_ns,DeepSeek,gemm,poly_mini,902,902,902,1419,1419,1419,902,1419,1.5731707317073171,chathls,271,9160,xml:gemm_csynth.xml
native_vs_chathls_poly,avg,csynth,ChatHLS native,hybrid-u280-split-20260717-001649,DeepSeek,RAG2+noskills,batch_parallel_chathls_fd_ds_rag2_ns_20260717_215344_rag2_ns,DeepSeek,gemm_blocked,machsuite_64,2097166,2097166,2097166,593986,593986,593986,2097166,593986,0.283232705470144,c2hls,11,77,xml:gemm_blocked_csynth.xml
native_vs_chathls_poly,avg,csynth,ChatHLS native,hybrid-u280-split-20260717-001649,DeepSeek,RAG2+noskills,batch_parallel_chathls_fd_ds_rag2_ns_20260717_215344_rag2_ns,DeepSeek,gemm_ncubed,machsuite_64,4627,4627,4627,307404,307404,307404,4627,307404,66.43700021612275,chathls,1408,11,xml:gemm_ncubed_csynth.xml
native_vs_chathls_poly,avg,csynth,ChatHLS native,hybrid-u280-split-20260717-001649,DeepSeek,RAG2+noskills,batch_parallel_chathls_fd_ds_rag2_ns_20260717_215344_rag2_ns,DeepSeek,gesummv,poly_mini,482,482,482,878,878,878,482,878,1.8215767634854771,chathls,20,64,xml:gesummv_csynth.xml
native_vs_chathls_poly,avg,csynth,ChatHLS native,hybrid-u280-split-20260717-001649,DeepSeek,RAG2+noskills,batch_parallel_chathls_fd_ds_rag2_ns_20260717_215344_rag2_ns,DeepSeek,matmul,poly_mini,660,660,660,53217,53217,53217,660,53217,80.63181818181818,chathls,19974,24,xml:matmul_csynth.xml
native_vs_chathls_poly,avg,csynth,ChatHLS native,hybrid-u280-split-20260717-001649,DeepSeek,RAG2+noskills,batch_parallel_chathls_fd_ds_rag2_ns_20260717_215344_rag2_ns,DeepSeek,mvt,poly_mini,1234,1234,1234,2149,2149,2149,1234,2149,1.7414910858995138,chathls,16,32,xml:mvt_csynth.xml
native_vs_chathls_poly,avg,csynth,ChatHLS native,hybrid-u280-split-20260717-001649,DeepSeek,RAG2+noskills,batch_parallel_chathls_fd_ds_rag2_ns_20260717_215344_rag2_ns,DeepSeek,symm,hlsfactory,311596,311596,311596,1057457,21731057,42404657,311596,21731057,69.74112953953195,chathls,30,19,xml:kernel_symm_csynth.xml
native_vs_chathls_poly,avg,csynth,ChatHLS native,hybrid-u280-split-20260717-001649,DeepSeek,RAG2+noskills,batch_parallel_chathls_fd_ds_rag2_ns_20260717_215344_rag2_ns,DeepSeek,syr2k,hlsfactory,394721,394721,394721,1990797,1990797,1990797,394721,1990797,5.043554814666562,chathls,38,11,xml:kernel_syr2k_csynth.xml
native_vs_chathls_poly,avg,csynth,ChatHLS native,hybrid-u280-split-20260717-001649,DeepSeek,RAG2+noskills,batch_parallel_chathls_fd_ds_rag2_ns_20260717_215344_rag2_ns,DeepSeek,syrk,hlsfactory,164241,388881,619281,38471,1351991,2699191,388881,1351991,3.4766188114101744,chathls,11,8,xml:kernel_syrk_csynth.xml
native_vs_chathls_poly,best,csynth,ChatHLS native,hybrid-u280-split-20260717-001649,DeepSeek,RAG2+noskills,batch_parallel_chathls_fd_ds_rag2_ns_20260717_215344_rag2_ns,DeepSeek,2mm,hlsfactory,7582,7582,7582,25322,25322,25322,7582,25322,3.339752044315484,chathls,1116,1330,xml:kernel_2mm_csynth.xml
native_vs_chathls_poly,best,csynth,ChatHLS native,hybrid-u280-split-20260717-001649,DeepSeek,RAG2+noskills,batch_parallel_chathls_fd_ds_rag2_ns_20260717_215344_rag2_ns,DeepSeek,3mm,hlsfactory,7018,7018,7018,90518,90518,90518,7018,90518,12.89797663151895,chathls,2860,881,xml:kernel_3mm_csynth.xml
native_vs_chathls_poly,best,csynth,ChatHLS native,hybrid-u280-split-20260717-001649,DeepSeek,RAG2+noskills,batch_parallel_chathls_fd_ds_rag2_ns_20260717_215344_rag2_ns,DeepSeek,atax,poly_mini,915,915,915,1859,1859,1859,915,1859,2.031693989071038,chathls,16,336,xml:atax_csynth.xml
native_vs_chathls_poly,best,csynth,ChatHLS native,hybrid-u280-split-20260717-001649,DeepSeek,RAG2+noskills,batch_parallel_chathls_fd_ds_rag2_ns_20260717_215344_rag2_ns,DeepSeek,bicg,poly_mini,843,843,843,982,982,982,843,982,1.1648873072360617,chathls,16,16,xml:bicg_csynth.xml
native_vs_chathls_poly,best,csynth,ChatHLS native,hybrid-u280-split-20260717-001649,DeepSeek,RAG2+noskills,batch_parallel_chathls_fd_ds_rag2_ns_20260717_215344_rag2_ns,DeepSeek,covariance,poly_mini,4926,10750,17022,2937,5114,6290,4926,2937,0.5962241169305724,c2hls,8,44,xml:covariance_csynth.xml
native_vs_chathls_poly,best,csynth,ChatHLS native,hybrid-u280-split-20260717-001649,DeepSeek,RAG2+noskills,batch_parallel_chathls_fd_ds_rag2_ns_20260717_215344_rag2_ns,DeepSeek,gemm,poly_mini,902,902,902,1419,1419,1419,902,1419,1.5731707317073171,chathls,271,9160,xml:gemm_csynth.xml
native_vs_chathls_poly,best,csynth,ChatHLS native,hybrid-u280-split-20260717-001649,DeepSeek,RAG2+noskills,batch_parallel_chathls_fd_ds_rag2_ns_20260717_215344_rag2_ns,DeepSeek,gemm_blocked,machsuite_64,2097166,2097166,2097166,593986,593986,593986,2097166,593986,0.283232705470144,c2hls,11,77,xml:gemm_blocked_csynth.xml
native_vs_chathls_poly,best,csynth,ChatHLS native,hybrid-u280-split-20260717-001649,DeepSeek,RAG2+noskills,batch_parallel_chathls_fd_ds_rag2_ns_20260717_215344_rag2_ns,DeepSeek,gemm_ncubed,machsuite_64,4627,4627,4627,307404,307404,307404,4627,307404,66.43700021612275,chathls,1408,11,xml:gemm_ncubed_csynth.xml
native_vs_chathls_poly,best,csynth,ChatHLS native,hybrid-u280-split-20260717-001649,DeepSeek,RAG2+noskills,batch_parallel_chathls_fd_ds_rag2_ns_20260717_215344_rag2_ns,DeepSeek,gesummv,poly_mini,482,482,482,878,878,878,482,878,1.8215767634854771,chathls,20,64,xml:gesummv_csynth.xml
native_vs_chathls_poly,best,csynth,ChatHLS native,hybrid-u280-split-20260717-001649,DeepSeek,RAG2+noskills,batch_parallel_chathls_fd_ds_rag2_ns_20260717_215344_rag2_ns,DeepSeek,matmul,poly_mini,660,660,660,53217,53217,53217,660,53217,80.63181818181818,chathls,19974,24,xml:matmul_csynth.xml
native_vs_chathls_poly,best,csynth,ChatHLS native,hybrid-u280-split-20260717-001649,DeepSeek,RAG2+noskills,batch_parallel_chathls_fd_ds_rag2_ns_20260717_215344_rag2_ns,DeepSeek,mvt,poly_mini,1234,1234,1234,2149,2149,2149,1234,2149,1.7414910858995138,chathls,16,32,xml:mvt_csynth.xml
native_vs_chathls_poly,best,csynth,ChatHLS native,hybrid-u280-split-20260717-001649,DeepSeek,RAG2+noskills,batch_parallel_chathls_fd_ds_rag2_ns_20260717_215344_rag2_ns,DeepSeek,symm,hlsfactory,311596,311596,311596,1057457,21731057,42404657,311596,1057457,3.393679636452329,chathls,30,19,xml:kernel_symm_csynth.xml
native_vs_chathls_poly,best,csynth,ChatHLS native,hybrid-u280-split-20260717-001649,DeepSeek,RAG2+noskills,batch_parallel_chathls_fd_ds_rag2_ns_20260717_215344_rag2_ns,DeepSeek,syr2k,hlsfactory,394721,394721,394721,1990797,1990797,1990797,394721,1990797,5.043554814666562,chathls,38,11,xml:kernel_syr2k_csynth.xml
native_vs_chathls_poly,best,csynth,ChatHLS native,hybrid-u280-split-20260717-001649,DeepSeek,RAG2+noskills,batch_parallel_chathls_fd_ds_rag2_ns_20260717_215344_rag2_ns,DeepSeek,syrk,hlsfactory,164241,388881,619281,38471,1351991,2699191,164241,38471,0.23423505701986716,c2hls,11,8,xml:kernel_syrk_csynth.xml
native_vs_chathls_poly,worst,csynth,ChatHLS native,hybrid-u280-split-20260717-001649,DeepSeek,scrape+skills,batch_parallel_chathls_fd_ds_rag_20260717_195138_rag_skills,DeepSeek,2mm,hlsfactory,7582,7582,7582,70402,70402,70402,7582,70402,9.285412819836456,chathls,1116,616,xml:kernel_2mm_csynth.xml
native_vs_chathls_poly,worst,csynth,ChatHLS native,hybrid-u280-split-20260717-001649,DeepSeek,scrape+skills,batch_parallel_chathls_fd_ds_rag_20260717_195138_rag_skills,DeepSeek,3mm,hlsfactory,7018,7018,7018,90644,90644,90644,7018,90644,12.915930464519807,chathls,2860,882,xml:kernel_3mm_csynth.xml
native_vs_chathls_poly,worst,csynth,ChatHLS native,hybrid-u280-split-20260717-001649,DeepSeek,scrape+skills,batch_parallel_chathls_fd_ds_rag_20260717_195138_rag_skills,DeepSeek,atax,poly_mini,915,915,915,1897,1897,1897,915,1897,2.073224043715847,chathls,16,336,xml:atax_csynth.xml
native_vs_chathls_poly,worst,csynth,ChatHLS native,hybrid-u280-split-20260717-001649,DeepSeek,scrape+skills,batch_parallel_chathls_fd_ds_rag_20260717_195138_rag_skills,DeepSeek,bicg,poly_mini,843,843,843,1135,1135,1135,843,1135,1.3463819691577699,chathls,16,152,xml:bicg_csynth.xml
native_vs_chathls_poly,worst,csynth,ChatHLS native,hybrid-u280-split-20260717-001649,DeepSeek,scrape+skills,batch_parallel_chathls_fd_ds_rag_20260717_195138_rag_skills,DeepSeek,covariance,poly_mini,4926,10750,17022,6769,7133,7525,17022,7525,0.4420749618141229,c2hls,8,128,xml:covariance_csynth.xml
native_vs_chathls_poly,worst,csynth,ChatHLS native,hybrid-u280-split-20260717-001649,DeepSeek,scrape+skills,batch_parallel_chathls_fd_ds_rag_20260717_195138_rag_skills,DeepSeek,gemm,poly_mini,902,902,902,25405,25405,25405,902,25405,28.165188470066518,chathls,271,20,xml:gemm_csynth.xml
native_vs_chathls_poly,worst,csynth,ChatHLS native,hybrid-u280-split-20260717-001649,DeepSeek,scrape+skills,batch_parallel_chathls_fd_ds_rag_20260717_195138_rag_skills,DeepSeek,gemm_blocked,machsuite_64,2097166,2097166,2097166,256425,256425,256425,2097166,256425,0.12227215203755926,c2hls,11,16,xml:gemm_blocked_csynth.xml
native_vs_chathls_poly,worst,csynth,ChatHLS native,hybrid-u280-split-20260717-001649,DeepSeek,scrape+skills,batch_parallel_chathls_fd_ds_rag_20260717_195138_rag_skills,DeepSeek,gemm_ncubed,machsuite_64,4627,4627,4627,1319077,1319077,1319077,4627,1319077,285.0825588934515,chathls,1408,8,xml:gemm_ncubed_csynth.xml
native_vs_chathls_poly,worst,csynth,ChatHLS native,hybrid-u280-split-20260717-001649,DeepSeek,scrape+skills,batch_parallel_chathls_fd_ds_rag_20260717_195138_rag_skills,DeepSeek,gesummv,poly_mini,482,482,482,1115,1115,1115,482,1115,2.3132780082987554,chathls,20,248,xml:gesummv_csynth.xml
native_vs_chathls_poly,worst,csynth,ChatHLS native,hybrid-u280-split-20260717-001649,DeepSeek,scrape+skills,batch_parallel_chathls_fd_ds_rag_20260717_195138_rag_skills,DeepSeek,matmul,poly_mini,660,660,660,333,333,333,660,333,0.5045454545454545,c2hls,19974,3072,xml:matmul_csynth.xml
native_vs_chathls_poly,worst,csynth,ChatHLS native,hybrid-u280-split-20260717-001649,DeepSeek,scrape+skills,batch_parallel_chathls_fd_ds_rag_20260717_195138_rag_skills,DeepSeek,mvt,poly_mini,1234,1234,1234,2605,2605,2605,1234,2605,2.1110210696920584,chathls,16,16,xml:mvt_csynth.xml
native_vs_chathls_poly,worst,csynth,ChatHLS native,hybrid-u280-split-20260717-001649,DeepSeek,scrape+skills,batch_parallel_chathls_fd_ds_rag_20260717_195138_rag_skills,DeepSeek,symm,hlsfactory,311596,311596,311596,1464001,24859201,48249601,311596,48249601,154.84666362854466,chathls,30,22,xml:kernel_symm_csynth.xml
native_vs_chathls_poly,worst,csynth,ChatHLS native,hybrid-u280-split-20260717-001649,DeepSeek,scrape+skills,batch_parallel_chathls_fd_ds_rag_20260717_195138_rag_skills,DeepSeek,syr2k,hlsfactory,394721,394721,394721,800481,800481,800481,394721,800481,2.0279665890591074,chathls,38,35,xml:kernel_syr2k_csynth.xml
native_vs_chathls_poly,avg,csynth,ChatHLS native,hybrid-u280-split-20260717-001649,DeepSeek,scrape+skills,batch_parallel_chathls_fd_ds_rag_20260717_195138_rag_skills,DeepSeek,2mm,hlsfactory,7582,7582,7582,70402,70402,70402,7582,70402,9.285412819836456,chathls,1116,616,xml:kernel_2mm_csynth.xml
native_vs_chathls_poly,avg,csynth,ChatHLS native,hybrid-u280-split-20260717-001649,DeepSeek,scrape+skills,batch_parallel_chathls_fd_ds_rag_20260717_195138_rag_skills,DeepSeek,3mm,hlsfactory,7018,7018,7018,90644,90644,90644,7018,90644,12.915930464519807,chathls,2860,882,xml:kernel_3mm_csynth.xml
native_vs_chathls_poly,avg,csynth,ChatHLS native,hybrid-u280-split-20260717-001649,DeepSeek,scrape+skills,batch_parallel_chathls_fd_ds_rag_20260717_195138_rag_skills,DeepSeek,atax,poly_mini,915,915,915,1897,1897,1897,915,1897,2.073224043715847,chathls,16,336,xml:atax_csynth.xml
native_vs_chathls_poly,avg,csynth,ChatHLS native,hybrid-u280-split-20260717-001649,DeepSeek,scrape+skills,batch_parallel_chathls_fd_ds_rag_20260717_195138_rag_skills,DeepSeek,bicg,poly_mini,843,843,843,1135,1135,1135,843,1135,1.3463819691577699,chathls,16,152,xml:bicg_csynth.xml
native_vs_chathls_poly,avg,csynth,ChatHLS native,hybrid-u280-split-20260717-001649,DeepSeek,scrape+skills,batch_parallel_chathls_fd_ds_rag_20260717_195138_rag_skills,DeepSeek,covariance,poly_mini,4926,10750,17022,6769,7133,7525,10750,7133,0.6635348837209303,c2hls,8,128,xml:covariance_csynth.xml
native_vs_chathls_poly,avg,csynth,ChatHLS native,hybrid-u280-split-20260717-001649,DeepSeek,scrape+skills,batch_parallel_chathls_fd_ds_rag_20260717_195138_rag_skills,DeepSeek,gemm,poly_mini,902,902,902,25405,25405,25405,902,25405,28.165188470066518,chathls,271,20,xml:gemm_csynth.xml
native_vs_chathls_poly,avg,csynth,ChatHLS native,hybrid-u280-split-20260717-001649,DeepSeek,scrape+skills,batch_parallel_chathls_fd_ds_rag_20260717_195138_rag_skills,DeepSeek,gemm_blocked,machsuite_64,2097166,2097166,2097166,256425,256425,256425,2097166,256425,0.12227215203755926,c2hls,11,16,xml:gemm_blocked_csynth.xml
native_vs_chathls_poly,avg,csynth,ChatHLS native,hybrid-u280-split-20260717-001649,DeepSeek,scrape+skills,batch_parallel_chathls_fd_ds_rag_20260717_195138_rag_skills,DeepSeek,gemm_ncubed,machsuite_64,4627,4627,4627,1319077,1319077,1319077,4627,1319077,285.0825588934515,chathls,1408,8,xml:gemm_ncubed_csynth.xml
native_vs_chathls_poly,avg,csynth,ChatHLS native,hybrid-u280-split-20260717-001649,DeepSeek,scrape+skills,batch_parallel_chathls_fd_ds_rag_20260717_195138_rag_skills,DeepSeek,gesummv,poly_mini,482,482,482,1115,1115,1115,482,1115,2.3132780082987554,chathls,20,248,xml:gesummv_csynth.xml
native_vs_chathls_poly,avg,csynth,ChatHLS native,hybrid-u280-split-20260717-001649,DeepSeek,scrape+skills,batch_parallel_chathls_fd_ds_rag_20260717_195138_rag_skills,DeepSeek,matmul,poly_mini,660,660,660,333,333,333,660,333,0.5045454545454545,c2hls,19974,3072,xml:matmul_csynth.xml
native_vs_chathls_poly,avg,csynth,ChatHLS native,hybrid-u280-split-20260717-001649,DeepSeek,scrape+skills,batch_parallel_chathls_fd_ds_rag_20260717_195138_rag_skills,DeepSeek,mvt,poly_mini,1234,1234,1234,2605,2605,2605,1234,2605,2.1110210696920584,chathls,16,16,xml:mvt_csynth.xml
native_vs_chathls_poly,avg,csynth,ChatHLS native,hybrid-u280-split-20260717-001649,DeepSeek,scrape+skills,batch_parallel_chathls_fd_ds_rag_20260717_195138_rag_skills,DeepSeek,symm,hlsfactory,311596,311596,311596,1464001,24859201,48249601,311596,24859201,79.78023145354882,chathls,30,22,xml:kernel_symm_csynth.xml
native_vs_chathls_poly,avg,csynth,ChatHLS native,hybrid-u280-split-20260717-001649,DeepSeek,scrape+skills,batch_parallel_chathls_fd_ds_rag_20260717_195138_rag_skills,DeepSeek,syr2k,hlsfactory,394721,394721,394721,800481,800481,800481,394721,800481,2.0279665890591074,chathls,38,35,xml:kernel_syr2k_csynth.xml
native_vs_chathls_poly,best,csynth,ChatHLS native,hybrid-u280-split-20260717-001649,DeepSeek,scrape+skills,batch_parallel_chathls_fd_ds_rag_20260717_195138_rag_skills,DeepSeek,2mm,hlsfactory,7582,7582,7582,70402,70402,70402,7582,70402,9.285412819836456,chathls,1116,616,xml:kernel_2mm_csynth.xml
native_vs_chathls_poly,best,csynth,ChatHLS native,hybrid-u280-split-20260717-001649,DeepSeek,scrape+skills,batch_parallel_chathls_fd_ds_rag_20260717_195138_rag_skills,DeepSeek,3mm,hlsfactory,7018,7018,7018,90644,90644,90644,7018,90644,12.915930464519807,chathls,2860,882,xml:kernel_3mm_csynth.xml
native_vs_chathls_poly,best,csynth,ChatHLS native,hybrid-u280-split-20260717-001649,DeepSeek,scrape+skills,batch_parallel_chathls_fd_ds_rag_20260717_195138_rag_skills,DeepSeek,atax,poly_mini,915,915,915,1897,1897,1897,915,1897,2.073224043715847,chathls,16,336,xml:atax_csynth.xml
native_vs_chathls_poly,best,csynth,ChatHLS native,hybrid-u280-split-20260717-001649,DeepSeek,scrape+skills,batch_parallel_chathls_fd_ds_rag_20260717_195138_rag_skills,DeepSeek,bicg,poly_mini,843,843,843,1135,1135,1135,843,1135,1.3463819691577699,chathls,16,152,xml:bicg_csynth.xml
native_vs_chathls_poly,best,csynth,ChatHLS native,hybrid-u280-split-20260717-001649,DeepSeek,scrape+skills,batch_parallel_chathls_fd_ds_rag_20260717_195138_rag_skills,DeepSeek,covariance,poly_mini,4926,10750,17022,6769,7133,7525,4926,6769,1.3741372310190825,chathls,8,128,xml:covariance_csynth.xml
native_vs_chathls_poly,best,csynth,ChatHLS native,hybrid-u280-split-20260717-001649,DeepSeek,scrape+skills,batch_parallel_chathls_fd_ds_rag_20260717_195138_rag_skills,DeepSeek,gemm,poly_mini,902,902,902,25405,25405,25405,902,25405,28.165188470066518,chathls,271,20,xml:gemm_csynth.xml
native_vs_chathls_poly,best,csynth,ChatHLS native,hybrid-u280-split-20260717-001649,DeepSeek,scrape+skills,batch_parallel_chathls_fd_ds_rag_20260717_195138_rag_skills,DeepSeek,gemm_blocked,machsuite_64,2097166,2097166,2097166,256425,256425,256425,2097166,256425,0.12227215203755926,c2hls,11,16,xml:gemm_blocked_csynth.xml
native_vs_chathls_poly,best,csynth,ChatHLS native,hybrid-u280-split-20260717-001649,DeepSeek,scrape+skills,batch_parallel_chathls_fd_ds_rag_20260717_195138_rag_skills,DeepSeek,gemm_ncubed,machsuite_64,4627,4627,4627,1319077,1319077,1319077,4627,1319077,285.0825588934515,chathls,1408,8,xml:gemm_ncubed_csynth.xml
native_vs_chathls_poly,best,csynth,ChatHLS native,hybrid-u280-split-20260717-001649,DeepSeek,scrape+skills,batch_parallel_chathls_fd_ds_rag_20260717_195138_rag_skills,DeepSeek,gesummv,poly_mini,482,482,482,1115,1115,1115,482,1115,2.3132780082987554,chathls,20,248,xml:gesummv_csynth.xml
native_vs_chathls_poly,best,csynth,ChatHLS native,hybrid-u280-split-20260717-001649,DeepSeek,scrape+skills,batch_parallel_chathls_fd_ds_rag_20260717_195138_rag_skills,DeepSeek,matmul,poly_mini,660,660,660,333,333,333,660,333,0.5045454545454545,c2hls,19974,3072,xml:matmul_csynth.xml
native_vs_chathls_poly,best,csynth,ChatHLS native,hybrid-u280-split-20260717-001649,DeepSeek,scrape+skills,batch_parallel_chathls_fd_ds_rag_20260717_195138_rag_skills,DeepSeek,mvt,poly_mini,1234,1234,1234,2605,2605,2605,1234,2605,2.1110210696920584,chathls,16,16,xml:mvt_csynth.xml
native_vs_chathls_poly,best,csynth,ChatHLS native,hybrid-u280-split-20260717-001649,DeepSeek,scrape+skills,batch_parallel_chathls_fd_ds_rag_20260717_195138_rag_skills,DeepSeek,symm,hlsfactory,311596,311596,311596,1464001,24859201,48249601,311596,1464001,4.698394716235125,chathls,30,22,xml:kernel_symm_csynth.xml
native_vs_chathls_poly,best,csynth,ChatHLS native,hybrid-u280-split-20260717-001649,DeepSeek,scrape+skills,batch_parallel_chathls_fd_ds_rag_20260717_195138_rag_skills,DeepSeek,syr2k,hlsfactory,394721,394721,394721,800481,800481,800481,394721,800481,2.0279665890591074,chathls,38,35,xml:kernel_syr2k_csynth.xml
native_vs_chathls_poly,worst,csynth,ChatHLS native,hybrid-u280-split-20260717-001649,DeepSeek,scrape+noskills,batch_parallel_chathls_fd_ds_rag_ns_20260718_040145_rag_ns,DeepSeek,3mm,hlsfactory,7018,7018,7018,307576,307576,307576,7018,307576,43.82673126246794,chathls,2860,553,xml:kernel_3mm_csynth.xml
native_vs_chathls_poly,worst,csynth,ChatHLS native,hybrid-u280-split-20260717-001649,DeepSeek,scrape+noskills,batch_parallel_chathls_fd_ds_rag_ns_20260718_040145_rag_ns,DeepSeek,atax,poly_mini,915,915,915,1288,1288,1288,915,1288,1.4076502732240437,chathls,16,168,xml:atax_csynth.xml
native_vs_chathls_poly,worst,csynth,ChatHLS native,hybrid-u280-split-20260717-001649,DeepSeek,scrape+noskills,batch_parallel_chathls_fd_ds_rag_ns_20260718_040145_rag_ns,DeepSeek,bicg,poly_mini,843,843,843,1708,1708,1708,843,1708,2.026097271648873,chathls,16,304,xml:bicg_csynth.xml
native_vs_chathls_poly,worst,csynth,ChatHLS native,hybrid-u280-split-20260717-001649,DeepSeek,scrape+noskills,batch_parallel_chathls_fd_ds_rag_ns_20260718_040145_rag_ns,DeepSeek,covariance,poly_mini,4926,10750,17022,5096,5824,6608,17022,6608,0.3882035013511926,c2hls,8,64,xml:covariance_csynth.xml
native_vs_chathls_poly,worst,csynth,ChatHLS native,hybrid-u280-split-20260717-001649,DeepSeek,scrape+noskills,batch_parallel_chathls_fd_ds_rag_ns_20260718_040145_rag_ns,DeepSeek,gemm,poly_mini,902,902,902,3251,3251,3251,902,3251,3.604212860310421,chathls,271,40,xml:gemm_csynth.xml
native_vs_chathls_poly,worst,csynth,ChatHLS native,hybrid-u280-split-20260717-001649,DeepSeek,scrape+noskills,batch_parallel_chathls_fd_ds_rag_ns_20260718_040145_rag_ns,DeepSeek,gemm_blocked,machsuite_64,2097166,2097166,2097166,2719783,2719783,2719783,2097166,2719783,1.2968849390081663,chathls,11,0,xml:gemm_blocked_csynth.xml
native_vs_chathls_poly,worst,csynth,ChatHLS native,hybrid-u280-split-20260717-001649,DeepSeek,scrape+noskills,batch_parallel_chathls_fd_ds_rag_ns_20260718_040145_rag_ns,DeepSeek,gemm_ncubed,machsuite_64,4627,4627,4627,306388,306388,306388,4627,306388,66.21741949427275,chathls,1408,11,xml:gemm_ncubed_csynth.xml
native_vs_chathls_poly,worst,csynth,ChatHLS native,hybrid-u280-split-20260717-001649,DeepSeek,scrape+noskills,batch_parallel_chathls_fd_ds_rag_ns_20260718_040145_rag_ns,DeepSeek,gesummv,poly_mini,482,482,482,245,245,245,482,245,0.508298755186722,c2hls,20,16,xml:gesummv_csynth.xml
native_vs_chathls_poly,worst,csynth,ChatHLS native,hybrid-u280-split-20260717-001649,DeepSeek,scrape+noskills,batch_parallel_chathls_fd_ds_rag_ns_20260718_040145_rag_ns,DeepSeek,matmul,poly_mini,660,660,660,3230,3230,3230,660,3230,4.893939393939394,chathls,19974,96,xml:matmul_csynth.xml
native_vs_chathls_poly,worst,csynth,ChatHLS native,hybrid-u280-split-20260717-001649,DeepSeek,scrape+noskills,batch_parallel_chathls_fd_ds_rag_ns_20260718_040145_rag_ns,DeepSeek,mvt,poly_mini,1234,1234,1234,499,499,499,1234,499,0.40437601296596437,c2hls,16,320,xml:mvt_csynth.xml
native_vs_chathls_poly,worst,csynth,ChatHLS native,hybrid-u280-split-20260717-001649,DeepSeek,scrape+noskills,batch_parallel_chathls_fd_ds_rag_ns_20260718_040145_rag_ns,DeepSeek,syrk,hlsfactory,164241,388881,619281,912072,1099272,1294152,619281,1294152,2.089765389217496,chathls,11,11,xml:kernel_syrk_csynth.xml
native_vs_chathls_poly,avg,csynth,ChatHLS native,hybrid-u280-split-20260717-001649,DeepSeek,scrape+noskills,batch_parallel_chathls_fd_ds_rag_ns_20260718_040145_rag_ns,DeepSeek,3mm,hlsfactory,7018,7018,7018,307576,307576,307576,7018,307576,43.82673126246794,chathls,2860,553,xml:kernel_3mm_csynth.xml
native_vs_chathls_poly,avg,csynth,ChatHLS native,hybrid-u280-split-20260717-001649,DeepSeek,scrape+noskills,batch_parallel_chathls_fd_ds_rag_ns_20260718_040145_rag_ns,DeepSeek,atax,poly_mini,915,915,915,1288,1288,1288,915,1288,1.4076502732240437,chathls,16,168,xml:atax_csynth.xml
native_vs_chathls_poly,avg,csynth,ChatHLS native,hybrid-u280-split-20260717-001649,DeepSeek,scrape+noskills,batch_parallel_chathls_fd_ds_rag_ns_20260718_040145_rag_ns,DeepSeek,bicg,poly_mini,843,843,843,1708,1708,1708,843,1708,2.026097271648873,chathls,16,304,xml:bicg_csynth.xml
native_vs_chathls_poly,avg,csynth,ChatHLS native,hybrid-u280-split-20260717-001649,DeepSeek,scrape+noskills,batch_parallel_chathls_fd_ds_rag_ns_20260718_040145_rag_ns,DeepSeek,covariance,poly_mini,4926,10750,17022,5096,5824,6608,10750,5824,0.5417674418604651,c2hls,8,64,xml:covariance_csynth.xml
native_vs_chathls_poly,avg,csynth,ChatHLS native,hybrid-u280-split-20260717-001649,DeepSeek,scrape+noskills,batch_parallel_chathls_fd_ds_rag_ns_20260718_040145_rag_ns,DeepSeek,gemm,poly_mini,902,902,902,3251,3251,3251,902,3251,3.604212860310421,chathls,271,40,xml:gemm_csynth.xml
native_vs_chathls_poly,avg,csynth,ChatHLS native,hybrid-u280-split-20260717-001649,DeepSeek,scrape+noskills,batch_parallel_chathls_fd_ds_rag_ns_20260718_040145_rag_ns,DeepSeek,gemm_blocked,machsuite_64,2097166,2097166,2097166,2719783,2719783,2719783,2097166,2719783,1.2968849390081663,chathls,11,0,xml:gemm_blocked_csynth.xml
native_vs_chathls_poly,avg,csynth,ChatHLS native,hybrid-u280-split-20260717-001649,DeepSeek,scrape+noskills,batch_parallel_chathls_fd_ds_rag_ns_20260718_040145_rag_ns,DeepSeek,gemm_ncubed,machsuite_64,4627,4627,4627,306388,306388,306388,4627,306388,66.21741949427275,chathls,1408,11,xml:gemm_ncubed_csynth.xml
native_vs_chathls_poly,avg,csynth,ChatHLS native,hybrid-u280-split-20260717-001649,DeepSeek,scrape+noskills,batch_parallel_chathls_fd_ds_rag_ns_20260718_040145_rag_ns,DeepSeek,gesummv,poly_mini,482,482,482,245,245,245,482,245,0.508298755186722,c2hls,20,16,xml:gesummv_csynth.xml
native_vs_chathls_poly,avg,csynth,ChatHLS native,hybrid-u280-split-20260717-001649,DeepSeek,scrape+noskills,batch_parallel_chathls_fd_ds_rag_ns_20260718_040145_rag_ns,DeepSeek,matmul,poly_mini,660,660,660,3230,3230,3230,660,3230,4.893939393939394,chathls,19974,96,xml:matmul_csynth.xml
native_vs_chathls_poly,avg,csynth,ChatHLS native,hybrid-u280-split-20260717-001649,DeepSeek,scrape+noskills,batch_parallel_chathls_fd_ds_rag_ns_20260718_040145_rag_ns,DeepSeek,mvt,poly_mini,1234,1234,1234,499,499,499,1234,499,0.40437601296596437,c2hls,16,320,xml:mvt_csynth.xml
native_vs_chathls_poly,avg,csynth,ChatHLS native,hybrid-u280-split-20260717-001649,DeepSeek,scrape+noskills,batch_parallel_chathls_fd_ds_rag_ns_20260718_040145_rag_ns,DeepSeek,syrk,hlsfactory,164241,388881,619281,912072,1099272,1294152,388881,1099272,2.8267567713516475,chathls,11,11,xml:kernel_syrk_csynth.xml
native_vs_chathls_poly,best,csynth,ChatHLS native,hybrid-u280-split-20260717-001649,DeepSeek,scrape+noskills,batch_parallel_chathls_fd_ds_rag_ns_20260718_040145_rag_ns,DeepSeek,3mm,hlsfactory,7018,7018,7018,307576,307576,307576,7018,307576,43.82673126246794,chathls,2860,553,xml:kernel_3mm_csynth.xml
native_vs_chathls_poly,best,csynth,ChatHLS native,hybrid-u280-split-20260717-001649,DeepSeek,scrape+noskills,batch_parallel_chathls_fd_ds_rag_ns_20260718_040145_rag_ns,DeepSeek,atax,poly_mini,915,915,915,1288,1288,1288,915,1288,1.4076502732240437,chathls,16,168,xml:atax_csynth.xml
native_vs_chathls_poly,best,csynth,ChatHLS native,hybrid-u280-split-20260717-001649,DeepSeek,scrape+noskills,batch_parallel_chathls_fd_ds_rag_ns_20260718_040145_rag_ns,DeepSeek,bicg,poly_mini,843,843,843,1708,1708,1708,843,1708,2.026097271648873,chathls,16,304,xml:bicg_csynth.xml
native_vs_chathls_poly,best,csynth,ChatHLS native,hybrid-u280-split-20260717-001649,DeepSeek,scrape+noskills,batch_parallel_chathls_fd_ds_rag_ns_20260718_040145_rag_ns,DeepSeek,covariance,poly_mini,4926,10750,17022,5096,5824,6608,4926,5096,1.034510759236703,chathls,8,64,xml:covariance_csynth.xml
native_vs_chathls_poly,best,csynth,ChatHLS native,hybrid-u280-split-20260717-001649,DeepSeek,scrape+noskills,batch_parallel_chathls_fd_ds_rag_ns_20260718_040145_rag_ns,DeepSeek,gemm,poly_mini,902,902,902,3251,3251,3251,902,3251,3.604212860310421,chathls,271,40,xml:gemm_csynth.xml
native_vs_chathls_poly,best,csynth,ChatHLS native,hybrid-u280-split-20260717-001649,DeepSeek,scrape+noskills,batch_parallel_chathls_fd_ds_rag_ns_20260718_040145_rag_ns,DeepSeek,gemm_blocked,machsuite_64,2097166,2097166,2097166,2719783,2719783,2719783,2097166,2719783,1.2968849390081663,chathls,11,0,xml:gemm_blocked_csynth.xml
native_vs_chathls_poly,best,csynth,ChatHLS native,hybrid-u280-split-20260717-001649,DeepSeek,scrape+noskills,batch_parallel_chathls_fd_ds_rag_ns_20260718_040145_rag_ns,DeepSeek,gemm_ncubed,machsuite_64,4627,4627,4627,306388,306388,306388,4627,306388,66.21741949427275,chathls,1408,11,xml:gemm_ncubed_csynth.xml
native_vs_chathls_poly,best,csynth,ChatHLS native,hybrid-u280-split-20260717-001649,DeepSeek,scrape+noskills,batch_parallel_chathls_fd_ds_rag_ns_20260718_040145_rag_ns,DeepSeek,gesummv,poly_mini,482,482,482,245,245,245,482,245,0.508298755186722,c2hls,20,16,xml:gesummv_csynth.xml
native_vs_chathls_poly,best,csynth,ChatHLS native,hybrid-u280-split-20260717-001649,DeepSeek,scrape+noskills,batch_parallel_chathls_fd_ds_rag_ns_20260718_040145_rag_ns,DeepSeek,matmul,poly_mini,660,660,660,3230,3230,3230,660,3230,4.893939393939394,chathls,19974,96,xml:matmul_csynth.xml
native_vs_chathls_poly,best,csynth,ChatHLS native,hybrid-u280-split-20260717-001649,DeepSeek,scrape+noskills,batch_parallel_chathls_fd_ds_rag_ns_20260718_040145_rag_ns,DeepSeek,mvt,poly_mini,1234,1234,1234,499,499,499,1234,499,0.40437601296596437,c2hls,16,320,xml:mvt_csynth.xml
native_vs_chathls_poly,best,csynth,ChatHLS native,hybrid-u280-split-20260717-001649,DeepSeek,scrape+noskills,batch_parallel_chathls_fd_ds_rag_ns_20260718_040145_rag_ns,DeepSeek,syrk,hlsfactory,164241,388881,619281,912072,1099272,1294152,164241,912072,5.553254059583174,chathls,11,11,xml:kernel_syrk_csynth.xml
native_vs_chathls_poly,worst,csynth,ChatHLS native,hybrid-u280-split-20260717-001649,DeepSeek,skills,batch_parallel_chathls_fd_ds_skills_20260717_232141_skills,DeepSeek,2mm,hlsfactory,7582,7582,7582,53914,53914,53914,7582,53914,7.1107887101028755,chathls,1116,771,xml:kernel_2mm_csynth.xml
native_vs_chathls_poly,worst,csynth,ChatHLS native,hybrid-u280-split-20260717-001649,DeepSeek,skills,batch_parallel_chathls_fd_ds_skills_20260717_232141_skills,DeepSeek,3mm,hlsfactory,7018,7018,7018,92640,92640,92640,7018,92640,13.200341977771444,chathls,2860,882,xml:kernel_3mm_csynth.xml
native_vs_chathls_poly,worst,csynth,ChatHLS native,hybrid-u280-split-20260717-001649,DeepSeek,skills,batch_parallel_chathls_fd_ds_skills_20260717_232141_skills,DeepSeek,atax,poly_mini,915,915,915,3280,3318,3318,915,3318,3.6262295081967215,chathls,16,33,xml:atax_csynth.xml
native_vs_chathls_poly,worst,csynth,ChatHLS native,hybrid-u280-split-20260717-001649,DeepSeek,skills,batch_parallel_chathls_fd_ds_skills_20260717_232141_skills,DeepSeek,bicg,poly_mini,843,843,843,2596,2596,2596,843,2596,3.0794780545670224,chathls,16,9,xml:bicg_csynth.xml
native_vs_chathls_poly,worst,csynth,ChatHLS native,hybrid-u280-split-20260717-001649,DeepSeek,skills,batch_parallel_chathls_fd_ds_skills_20260717_232141_skills,DeepSeek,covariance,poly_mini,4926,10750,17022,5870,6234,6626,17022,6626,0.3892609564093526,c2hls,8,128,xml:covariance_csynth.xml
native_vs_chathls_poly,worst,csynth,ChatHLS native,hybrid-u280-split-20260717-001649,DeepSeek,skills,batch_parallel_chathls_fd_ds_skills_20260717_232141_skills,DeepSeek,gemm,poly_mini,902,902,902,31419,31419,31419,902,31419,34.83259423503326,chathls,271,21,xml:gemm_csynth.xml
native_vs_chathls_poly,worst,csynth,ChatHLS native,hybrid-u280-split-20260717-001649,DeepSeek,skills,batch_parallel_chathls_fd_ds_skills_20260717_232141_skills,DeepSeek,gemm_blocked,machsuite_64,2097166,2097166,2097166,1695911,1695911,1695911,2097166,1695911,0.8086679833642163,c2hls,11,11,xml:gemm_blocked_csynth.xml
native_vs_chathls_poly,worst,csynth,ChatHLS native,hybrid-u280-split-20260717-001649,DeepSeek,skills,batch_parallel_chathls_fd_ds_skills_20260717_232141_skills,DeepSeek,gemm_ncubed,machsuite_64,4627,4627,4627,1319077,1319077,1319077,4627,1319077,285.0825588934515,chathls,1408,8,xml:gemm_ncubed_csynth.xml
native_vs_chathls_poly,worst,csynth,ChatHLS native,hybrid-u280-split-20260717-001649,DeepSeek,skills,batch_parallel_chathls_fd_ds_skills_20260717_232141_skills,DeepSeek,gesummv,poly_mini,482,482,482,2315,2315,2315,482,2315,4.8029045643153525,chathls,20,8,xml:gesummv_csynth.xml
native_vs_chathls_poly,worst,csynth,ChatHLS native,hybrid-u280-split-20260717-001649,DeepSeek,skills,batch_parallel_chathls_fd_ds_skills_20260717_232141_skills,DeepSeek,matmul,poly_mini,660,660,660,3640,3640,3640,660,3640,5.515151515151516,chathls,19974,96,xml:matmul_csynth.xml
native_vs_chathls_poly,worst,csynth,ChatHLS native,hybrid-u280-split-20260717-001649,DeepSeek,skills,batch_parallel_chathls_fd_ds_skills_20260717_232141_skills,DeepSeek,mvt,poly_mini,1234,1234,1234,5007,5007,5007,1234,5007,4.0575364667747165,chathls,16,4,xml:mvt_csynth.xml
native_vs_chathls_poly,worst,csynth,ChatHLS native,hybrid-u280-split-20260717-001649,DeepSeek,skills,batch_parallel_chathls_fd_ds_skills_20260717_232141_skills,DeepSeek,symm,hlsfactory,311596,311596,311596,1200002,34190402,90408002,311596,90408002,290.14493767570826,chathls,30,22,xml:kernel_symm_csynth.xml
native_vs_chathls_poly,worst,csynth,ChatHLS native,hybrid-u280-split-20260717-001649,DeepSeek,skills,batch_parallel_chathls_fd_ds_skills_20260717_232141_skills,DeepSeek,syr2k,hlsfactory,394721,394721,394721,55368,1365768,2709768,394721,2709768,6.865021116180796,chathls,38,11,xml:kernel_syr2k_csynth.xml
native_vs_chathls_poly,worst,csynth,ChatHLS native,hybrid-u280-split-20260717-001649,DeepSeek,skills,batch_parallel_chathls_fd_ds_skills_20260717_232141_skills,DeepSeek,syrk,hlsfactory,164241,388881,619281,49354,1362874,2710074,619281,2710074,4.37616203306738,chathls,11,8,xml:kernel_syrk_csynth.xml
native_vs_chathls_poly,avg,csynth,ChatHLS native,hybrid-u280-split-20260717-001649,DeepSeek,skills,batch_parallel_chathls_fd_ds_skills_20260717_232141_skills,DeepSeek,2mm,hlsfactory,7582,7582,7582,53914,53914,53914,7582,53914,7.1107887101028755,chathls,1116,771,xml:kernel_2mm_csynth.xml
native_vs_chathls_poly,avg,csynth,ChatHLS native,hybrid-u280-split-20260717-001649,DeepSeek,skills,batch_parallel_chathls_fd_ds_skills_20260717_232141_skills,DeepSeek,3mm,hlsfactory,7018,7018,7018,92640,92640,92640,7018,92640,13.200341977771444,chathls,2860,882,xml:kernel_3mm_csynth.xml
native_vs_chathls_poly,avg,csynth,ChatHLS native,hybrid-u280-split-20260717-001649,DeepSeek,skills,batch_parallel_chathls_fd_ds_skills_20260717_232141_skills,DeepSeek,atax,poly_mini,915,915,915,3280,3318,3318,915,3318,3.6262295081967215,chathls,16,33,xml:atax_csynth.xml
native_vs_chathls_poly,avg,csynth,ChatHLS native,hybrid-u280-split-20260717-001649,DeepSeek,skills,batch_parallel_chathls_fd_ds_skills_20260717_232141_skills,DeepSeek,bicg,poly_mini,843,843,843,2596,2596,2596,843,2596,3.0794780545670224,chathls,16,9,xml:bicg_csynth.xml
native_vs_chathls_poly,avg,csynth,ChatHLS native,hybrid-u280-split-20260717-001649,DeepSeek,skills,batch_parallel_chathls_fd_ds_skills_20260717_232141_skills,DeepSeek,covariance,poly_mini,4926,10750,17022,5870,6234,6626,10750,6234,0.579906976744186,c2hls,8,128,xml:covariance_csynth.xml
native_vs_chathls_poly,avg,csynth,ChatHLS native,hybrid-u280-split-20260717-001649,DeepSeek,skills,batch_parallel_chathls_fd_ds_skills_20260717_232141_skills,DeepSeek,gemm,poly_mini,902,902,902,31419,31419,31419,902,31419,34.83259423503326,chathls,271,21,xml:gemm_csynth.xml
native_vs_chathls_poly,avg,csynth,ChatHLS native,hybrid-u280-split-20260717-001649,DeepSeek,skills,batch_parallel_chathls_fd_ds_skills_20260717_232141_skills,DeepSeek,gemm_blocked,machsuite_64,2097166,2097166,2097166,1695911,1695911,1695911,2097166,1695911,0.8086679833642163,c2hls,11,11,xml:gemm_blocked_csynth.xml
native_vs_chathls_poly,avg,csynth,ChatHLS native,hybrid-u280-split-20260717-001649,DeepSeek,skills,batch_parallel_chathls_fd_ds_skills_20260717_232141_skills,DeepSeek,gemm_ncubed,machsuite_64,4627,4627,4627,1319077,1319077,1319077,4627,1319077,285.0825588934515,chathls,1408,8,xml:gemm_ncubed_csynth.xml
native_vs_chathls_poly,avg,csynth,ChatHLS native,hybrid-u280-split-20260717-001649,DeepSeek,skills,batch_parallel_chathls_fd_ds_skills_20260717_232141_skills,DeepSeek,gesummv,poly_mini,482,482,482,2315,2315,2315,482,2315,4.8029045643153525,chathls,20,8,xml:gesummv_csynth.xml
native_vs_chathls_poly,avg,csynth,ChatHLS native,hybrid-u280-split-20260717-001649,DeepSeek,skills,batch_parallel_chathls_fd_ds_skills_20260717_232141_skills,DeepSeek,matmul,poly_mini,660,660,660,3640,3640,3640,660,3640,5.515151515151516,chathls,19974,96,xml:matmul_csynth.xml
native_vs_chathls_poly,avg,csynth,ChatHLS native,hybrid-u280-split-20260717-001649,DeepSeek,skills,batch_parallel_chathls_fd_ds_skills_20260717_232141_skills,DeepSeek,mvt,poly_mini,1234,1234,1234,5007,5007,5007,1234,5007,4.0575364667747165,chathls,16,4,xml:mvt_csynth.xml
native_vs_chathls_poly,avg,csynth,ChatHLS native,hybrid-u280-split-20260717-001649,DeepSeek,skills,batch_parallel_chathls_fd_ds_skills_20260717_232141_skills,DeepSeek,symm,hlsfactory,311596,311596,311596,1200002,34190402,90408002,311596,34190402,109.72670380877803,chathls,30,22,xml:kernel_symm_csynth.xml
native_vs_chathls_poly,avg,csynth,ChatHLS native,hybrid-u280-split-20260717-001649,DeepSeek,skills,batch_parallel_chathls_fd_ds_skills_20260717_232141_skills,DeepSeek,syr2k,hlsfactory,394721,394721,394721,55368,1365768,2709768,394721,1365768,3.460084464723184,chathls,38,11,xml:kernel_syr2k_csynth.xml
native_vs_chathls_poly,avg,csynth,ChatHLS native,hybrid-u280-split-20260717-001649,DeepSeek,skills,batch_parallel_chathls_fd_ds_skills_20260717_232141_skills,DeepSeek,syrk,hlsfactory,164241,388881,619281,49354,1362874,2710074,388881,1362874,3.504604236257364,chathls,11,8,xml:kernel_syrk_csynth.xml
native_vs_chathls_poly,best,csynth,ChatHLS native,hybrid-u280-split-20260717-001649,DeepSeek,skills,batch_parallel_chathls_fd_ds_skills_20260717_232141_skills,DeepSeek,2mm,hlsfactory,7582,7582,7582,53914,53914,53914,7582,53914,7.1107887101028755,chathls,1116,771,xml:kernel_2mm_csynth.xml
native_vs_chathls_poly,best,csynth,ChatHLS native,hybrid-u280-split-20260717-001649,DeepSeek,skills,batch_parallel_chathls_fd_ds_skills_20260717_232141_skills,DeepSeek,3mm,hlsfactory,7018,7018,7018,92640,92640,92640,7018,92640,13.200341977771444,chathls,2860,882,xml:kernel_3mm_csynth.xml
native_vs_chathls_poly,best,csynth,ChatHLS native,hybrid-u280-split-20260717-001649,DeepSeek,skills,batch_parallel_chathls_fd_ds_skills_20260717_232141_skills,DeepSeek,atax,poly_mini,915,915,915,3280,3318,3318,915,3280,3.5846994535519126,chathls,16,33,xml:atax_csynth.xml
native_vs_chathls_poly,best,csynth,ChatHLS native,hybrid-u280-split-20260717-001649,DeepSeek,skills,batch_parallel_chathls_fd_ds_skills_20260717_232141_skills,DeepSeek,bicg,poly_mini,843,843,843,2596,2596,2596,843,2596,3.0794780545670224,chathls,16,9,xml:bicg_csynth.xml
native_vs_chathls_poly,best,csynth,ChatHLS native,hybrid-u280-split-20260717-001649,DeepSeek,skills,batch_parallel_chathls_fd_ds_skills_20260717_232141_skills,DeepSeek,covariance,poly_mini,4926,10750,17022,5870,6234,6626,4926,5870,1.191636215996752,chathls,8,128,xml:covariance_csynth.xml
native_vs_chathls_poly,best,csynth,ChatHLS native,hybrid-u280-split-20260717-001649,DeepSeek,skills,batch_parallel_chathls_fd_ds_skills_20260717_232141_skills,DeepSeek,gemm,poly_mini,902,902,902,31419,31419,31419,902,31419,34.83259423503326,chathls,271,21,xml:gemm_csynth.xml
native_vs_chathls_poly,best,csynth,ChatHLS native,hybrid-u280-split-20260717-001649,DeepSeek,skills,batch_parallel_chathls_fd_ds_skills_20260717_232141_skills,DeepSeek,gemm_blocked,machsuite_64,2097166,2097166,2097166,1695911,1695911,1695911,2097166,1695911,0.8086679833642163,c2hls,11,11,xml:gemm_blocked_csynth.xml
native_vs_chathls_poly,best,csynth,ChatHLS native,hybrid-u280-split-20260717-001649,DeepSeek,skills,batch_parallel_chathls_fd_ds_skills_20260717_232141_skills,DeepSeek,gemm_ncubed,machsuite_64,4627,4627,4627,1319077,1319077,1319077,4627,1319077,285.0825588934515,chathls,1408,8,xml:gemm_ncubed_csynth.xml
native_vs_chathls_poly,best,csynth,ChatHLS native,hybrid-u280-split-20260717-001649,DeepSeek,skills,batch_parallel_chathls_fd_ds_skills_20260717_232141_skills,DeepSeek,gesummv,poly_mini,482,482,482,2315,2315,2315,482,2315,4.8029045643153525,chathls,20,8,xml:gesummv_csynth.xml
native_vs_chathls_poly,best,csynth,ChatHLS native,hybrid-u280-split-20260717-001649,DeepSeek,skills,batch_parallel_chathls_fd_ds_skills_20260717_232141_skills,DeepSeek,matmul,poly_mini,660,660,660,3640,3640,3640,660,3640,5.515151515151516,chathls,19974,96,xml:matmul_csynth.xml
native_vs_chathls_poly,best,csynth,ChatHLS native,hybrid-u280-split-20260717-001649,DeepSeek,skills,batch_parallel_chathls_fd_ds_skills_20260717_232141_skills,DeepSeek,mvt,poly_mini,1234,1234,1234,5007,5007,5007,1234,5007,4.0575364667747165,chathls,16,4,xml:mvt_csynth.xml
native_vs_chathls_poly,best,csynth,ChatHLS native,hybrid-u280-split-20260717-001649,DeepSeek,skills,batch_parallel_chathls_fd_ds_skills_20260717_232141_skills,DeepSeek,symm,hlsfactory,311596,311596,311596,1200002,34190402,90408002,311596,1200002,3.8511469980359183,chathls,30,22,xml:kernel_symm_csynth.xml
native_vs_chathls_poly,best,csynth,ChatHLS native,hybrid-u280-split-20260717-001649,DeepSeek,skills,batch_parallel_chathls_fd_ds_skills_20260717_232141_skills,DeepSeek,syr2k,hlsfactory,394721,394721,394721,55368,1365768,2709768,394721,55368,0.14027122955201268,c2hls,38,11,xml:kernel_syr2k_csynth.xml
native_vs_chathls_poly,best,csynth,ChatHLS native,hybrid-u280-split-20260717-001649,DeepSeek,skills,batch_parallel_chathls_fd_ds_skills_20260717_232141_skills,DeepSeek,syrk,hlsfactory,164241,388881,619281,49354,1362874,2710074,164241,49354,0.30049743973794607,c2hls,11,8,xml:kernel_syrk_csynth.xml
native_vs_best_poly,worst,csynth,ChatHLS native,hybrid-u280-split-20260717-001649,DeepSeek,best:RAG2+noskills,batch_parallel_chathls_fd_ds_rag2_ns_20260717_215344_rag2_ns,DeepSeek,2mm,hlsfactory,7582,7582,7582,25322,25322,25322,7582,25322,3.339752044315484,chathls,1116,1330,xml:kernel_2mm_csynth.xml
native_vs_best_poly,worst,csynth,ChatHLS native,hybrid-u280-split-20260717-001649,DeepSeek,best:RAG2+noskills,batch_parallel_chathls_fd_ds_rag2_ns_20260717_215344_rag2_ns,DeepSeek,3mm,hlsfactory,7018,7018,7018,90518,90518,90518,7018,90518,12.89797663151895,chathls,2860,881,xml:kernel_3mm_csynth.xml
native_vs_best_poly,worst,csynth,ChatHLS native,hybrid-u280-split-20260717-001649,DeepSeek,best:scrape+noskills,batch_parallel_chathls_fd_ds_rag_ns_20260718_040145_rag_ns,DeepSeek,atax,poly_mini,915,915,915,1288,1288,1288,915,1288,1.4076502732240437,chathls,16,168,xml:atax_csynth.xml
native_vs_best_poly,worst,csynth,ChatHLS native,hybrid-u280-split-20260717-001649,DeepSeek,best:RAG2+noskills,batch_parallel_chathls_fd_ds_rag2_ns_20260717_215344_rag2_ns,DeepSeek,bicg,poly_mini,843,843,843,982,982,982,843,982,1.1648873072360617,chathls,16,16,xml:bicg_csynth.xml
native_vs_best_poly,worst,csynth,ChatHLS native,hybrid-u280-split-20260717-001649,DeepSeek,best:RAG2+noskills,batch_parallel_chathls_fd_ds_rag2_ns_20260717_215344_rag2_ns,DeepSeek,covariance,poly_mini,4926,10750,17022,2937,5114,6290,17022,6290,0.3695217953236987,c2hls,8,44,xml:covariance_csynth.xml
native_vs_best_poly,worst,csynth,ChatHLS native,hybrid-u280-split-20260717-001649,DeepSeek,best:RAG2+noskills,batch_parallel_chathls_fd_ds_rag2_ns_20260717_215344_rag2_ns,DeepSeek,gemm,poly_mini,902,902,902,1419,1419,1419,902,1419,1.5731707317073171,chathls,271,9160,xml:gemm_csynth.xml
native_vs_best_poly,worst,csynth,ChatHLS native,hybrid-u280-split-20260717-001649,DeepSeek,best:scrape+skills,batch_parallel_chathls_fd_ds_rag_20260717_195138_rag_skills,DeepSeek,gemm_blocked,machsuite_64,2097166,2097166,2097166,256425,256425,256425,2097166,256425,0.12227215203755926,c2hls,11,16,xml:gemm_blocked_csynth.xml
native_vs_best_poly,worst,csynth,ChatHLS native,hybrid-u280-split-20260717-001649,DeepSeek,best:scrape+noskills,batch_parallel_chathls_fd_ds_rag_ns_20260718_040145_rag_ns,DeepSeek,gemm_ncubed,machsuite_64,4627,4627,4627,306388,306388,306388,4627,306388,66.21741949427275,chathls,1408,11,xml:gemm_ncubed_csynth.xml
native_vs_best_poly,worst,csynth,ChatHLS native,hybrid-u280-split-20260717-001649,DeepSeek,best:scrape+noskills,batch_parallel_chathls_fd_ds_rag_ns_20260718_040145_rag_ns,DeepSeek,gesummv,poly_mini,482,482,482,245,245,245,482,245,0.508298755186722,c2hls,20,16,xml:gesummv_csynth.xml
native_vs_best_poly,worst,csynth,ChatHLS native,hybrid-u280-split-20260717-001649,DeepSeek,best:scrape+skills,batch_parallel_chathls_fd_ds_rag_20260717_195138_rag_skills,DeepSeek,matmul,poly_mini,660,660,660,333,333,333,660,333,0.5045454545454545,c2hls,19974,3072,xml:matmul_csynth.xml
native_vs_best_poly,worst,csynth,ChatHLS native,hybrid-u280-split-20260717-001649,DeepSeek,best:scrape+noskills,batch_parallel_chathls_fd_ds_rag_ns_20260718_040145_rag_ns,DeepSeek,mvt,poly_mini,1234,1234,1234,499,499,499,1234,499,0.40437601296596437,c2hls,16,320,xml:mvt_csynth.xml
native_vs_best_poly,worst,csynth,ChatHLS native,hybrid-u280-split-20260717-001649,DeepSeek,best:RAG2+skills,batch_parallel_chathls_fd_ds_rag2_20260717_195140_rag2_skills,DeepSeek,symm,hlsfactory,311596,311596,311596,50432,50432,50432,311596,50432,0.16185060141978716,c2hls,30,668,xml:kernel_symm_csynth.xml
native_vs_best_poly,worst,csynth,ChatHLS native,hybrid-u280-split-20260717-001649,DeepSeek,best:RAG2+skills,batch_parallel_chathls_fd_ds_rag2_20260717_195140_rag2_skills,DeepSeek,syr2k,hlsfactory,394721,394721,394721,201714,392034,587234,394721,587234,1.487719173796175,chathls,38,22,xml:kernel_syr2k_csynth.xml
native_vs_best_poly,worst,csynth,ChatHLS native,hybrid-u280-split-20260717-001649,DeepSeek,best:RAG2+skills,batch_parallel_chathls_fd_ds_rag2_20260717_195140_rag2_skills,DeepSeek,syrk,hlsfactory,164241,388881,619281,172975,363295,558495,619281,558495,0.9018442354924501,c2hls,11,11,xml:kernel_syrk_csynth.xml
native_vs_best_poly,avg,csynth,ChatHLS native,hybrid-u280-split-20260717-001649,DeepSeek,best:RAG2+noskills,batch_parallel_chathls_fd_ds_rag2_ns_20260717_215344_rag2_ns,DeepSeek,2mm,hlsfactory,7582,7582,7582,25322,25322,25322,7582,25322,3.339752044315484,chathls,1116,1330,xml:kernel_2mm_csynth.xml
native_vs_best_poly,avg,csynth,ChatHLS native,hybrid-u280-split-20260717-001649,DeepSeek,best:RAG2+noskills,batch_parallel_chathls_fd_ds_rag2_ns_20260717_215344_rag2_ns,DeepSeek,3mm,hlsfactory,7018,7018,7018,90518,90518,90518,7018,90518,12.89797663151895,chathls,2860,881,xml:kernel_3mm_csynth.xml
native_vs_best_poly,avg,csynth,ChatHLS native,hybrid-u280-split-20260717-001649,DeepSeek,best:scrape+noskills,batch_parallel_chathls_fd_ds_rag_ns_20260718_040145_rag_ns,DeepSeek,atax,poly_mini,915,915,915,1288,1288,1288,915,1288,1.4076502732240437,chathls,16,168,xml:atax_csynth.xml
native_vs_best_poly,avg,csynth,ChatHLS native,hybrid-u280-split-20260717-001649,DeepSeek,best:RAG2+noskills,batch_parallel_chathls_fd_ds_rag2_ns_20260717_215344_rag2_ns,DeepSeek,bicg,poly_mini,843,843,843,982,982,982,843,982,1.1648873072360617,chathls,16,16,xml:bicg_csynth.xml
native_vs_best_poly,avg,csynth,ChatHLS native,hybrid-u280-split-20260717-001649,DeepSeek,best:RAG2+noskills,batch_parallel_chathls_fd_ds_rag2_ns_20260717_215344_rag2_ns,DeepSeek,covariance,poly_mini,4926,10750,17022,2937,5114,6290,10750,5114,0.4757209302325581,c2hls,8,44,xml:covariance_csynth.xml
native_vs_best_poly,avg,csynth,ChatHLS native,hybrid-u280-split-20260717-001649,DeepSeek,best:RAG2+noskills,batch_parallel_chathls_fd_ds_rag2_ns_20260717_215344_rag2_ns,DeepSeek,gemm,poly_mini,902,902,902,1419,1419,1419,902,1419,1.5731707317073171,chathls,271,9160,xml:gemm_csynth.xml
native_vs_best_poly,avg,csynth,ChatHLS native,hybrid-u280-split-20260717-001649,DeepSeek,best:scrape+skills,batch_parallel_chathls_fd_ds_rag_20260717_195138_rag_skills,DeepSeek,gemm_blocked,machsuite_64,2097166,2097166,2097166,256425,256425,256425,2097166,256425,0.12227215203755926,c2hls,11,16,xml:gemm_blocked_csynth.xml
native_vs_best_poly,avg,csynth,ChatHLS native,hybrid-u280-split-20260717-001649,DeepSeek,best:scrape+noskills,batch_parallel_chathls_fd_ds_rag_ns_20260718_040145_rag_ns,DeepSeek,gemm_ncubed,machsuite_64,4627,4627,4627,306388,306388,306388,4627,306388,66.21741949427275,chathls,1408,11,xml:gemm_ncubed_csynth.xml
native_vs_best_poly,avg,csynth,ChatHLS native,hybrid-u280-split-20260717-001649,DeepSeek,best:scrape+noskills,batch_parallel_chathls_fd_ds_rag_ns_20260718_040145_rag_ns,DeepSeek,gesummv,poly_mini,482,482,482,245,245,245,482,245,0.508298755186722,c2hls,20,16,xml:gesummv_csynth.xml
native_vs_best_poly,avg,csynth,ChatHLS native,hybrid-u280-split-20260717-001649,DeepSeek,best:scrape+skills,batch_parallel_chathls_fd_ds_rag_20260717_195138_rag_skills,DeepSeek,matmul,poly_mini,660,660,660,333,333,333,660,333,0.5045454545454545,c2hls,19974,3072,xml:matmul_csynth.xml
native_vs_best_poly,avg,csynth,ChatHLS native,hybrid-u280-split-20260717-001649,DeepSeek,best:scrape+noskills,batch_parallel_chathls_fd_ds_rag_ns_20260718_040145_rag_ns,DeepSeek,mvt,poly_mini,1234,1234,1234,499,499,499,1234,499,0.40437601296596437,c2hls,16,320,xml:mvt_csynth.xml
native_vs_best_poly,avg,csynth,ChatHLS native,hybrid-u280-split-20260717-001649,DeepSeek,best:RAG2+skills,batch_parallel_chathls_fd_ds_rag2_20260717_195140_rag2_skills,DeepSeek,symm,hlsfactory,311596,311596,311596,50432,50432,50432,311596,50432,0.16185060141978716,c2hls,30,668,xml:kernel_symm_csynth.xml
native_vs_best_poly,avg,csynth,ChatHLS native,hybrid-u280-split-20260717-001649,DeepSeek,best:RAG2+skills,batch_parallel_chathls_fd_ds_rag2_20260717_195140_rag2_skills,DeepSeek,syr2k,hlsfactory,394721,394721,394721,201714,392034,587234,394721,392034,0.9931926601320933,c2hls,38,22,xml:kernel_syr2k_csynth.xml
native_vs_best_poly,avg,csynth,ChatHLS native,hybrid-u280-split-20260717-001649,DeepSeek,best:RAG2+skills,batch_parallel_chathls_fd_ds_rag2_20260717_195140_rag2_skills,DeepSeek,syrk,hlsfactory,164241,388881,619281,172975,363295,558495,388881,363295,0.9342060938950476,c2hls,11,11,xml:kernel_syrk_csynth.xml
native_vs_best_poly,best,csynth,ChatHLS native,hybrid-u280-split-20260717-001649,DeepSeek,best:RAG2+noskills,batch_parallel_chathls_fd_ds_rag2_ns_20260717_215344_rag2_ns,DeepSeek,2mm,hlsfactory,7582,7582,7582,25322,25322,25322,7582,25322,3.339752044315484,chathls,1116,1330,xml:kernel_2mm_csynth.xml
native_vs_best_poly,best,csynth,ChatHLS native,hybrid-u280-split-20260717-001649,DeepSeek,best:RAG2+noskills,batch_parallel_chathls_fd_ds_rag2_ns_20260717_215344_rag2_ns,DeepSeek,3mm,hlsfactory,7018,7018,7018,90518,90518,90518,7018,90518,12.89797663151895,chathls,2860,881,xml:kernel_3mm_csynth.xml
native_vs_best_poly,best,csynth,ChatHLS native,hybrid-u280-split-20260717-001649,DeepSeek,best:scrape+noskills,batch_parallel_chathls_fd_ds_rag_ns_20260718_040145_rag_ns,DeepSeek,atax,poly_mini,915,915,915,1288,1288,1288,915,1288,1.4076502732240437,chathls,16,168,xml:atax_csynth.xml
native_vs_best_poly,best,csynth,ChatHLS native,hybrid-u280-split-20260717-001649,DeepSeek,best:RAG2+noskills,batch_parallel_chathls_fd_ds_rag2_ns_20260717_215344_rag2_ns,DeepSeek,bicg,poly_mini,843,843,843,982,982,982,843,982,1.1648873072360617,chathls,16,16,xml:bicg_csynth.xml
native_vs_best_poly,best,csynth,ChatHLS native,hybrid-u280-split-20260717-001649,DeepSeek,best:RAG2+noskills,batch_parallel_chathls_fd_ds_rag2_ns_20260717_215344_rag2_ns,DeepSeek,covariance,poly_mini,4926,10750,17022,2937,5114,6290,4926,2937,0.5962241169305724,c2hls,8,44,xml:covariance_csynth.xml
native_vs_best_poly,best,csynth,ChatHLS native,hybrid-u280-split-20260717-001649,DeepSeek,best:RAG2+noskills,batch_parallel_chathls_fd_ds_rag2_ns_20260717_215344_rag2_ns,DeepSeek,gemm,poly_mini,902,902,902,1419,1419,1419,902,1419,1.5731707317073171,chathls,271,9160,xml:gemm_csynth.xml
native_vs_best_poly,best,csynth,ChatHLS native,hybrid-u280-split-20260717-001649,DeepSeek,best:scrape+skills,batch_parallel_chathls_fd_ds_rag_20260717_195138_rag_skills,DeepSeek,gemm_blocked,machsuite_64,2097166,2097166,2097166,256425,256425,256425,2097166,256425,0.12227215203755926,c2hls,11,16,xml:gemm_blocked_csynth.xml
native_vs_best_poly,best,csynth,ChatHLS native,hybrid-u280-split-20260717-001649,DeepSeek,best:scrape+noskills,batch_parallel_chathls_fd_ds_rag_ns_20260718_040145_rag_ns,DeepSeek,gemm_ncubed,machsuite_64,4627,4627,4627,306388,306388,306388,4627,306388,66.21741949427275,chathls,1408,11,xml:gemm_ncubed_csynth.xml
native_vs_best_poly,best,csynth,ChatHLS native,hybrid-u280-split-20260717-001649,DeepSeek,best:scrape+noskills,batch_parallel_chathls_fd_ds_rag_ns_20260718_040145_rag_ns,DeepSeek,gesummv,poly_mini,482,482,482,245,245,245,482,245,0.508298755186722,c2hls,20,16,xml:gesummv_csynth.xml
native_vs_best_poly,best,csynth,ChatHLS native,hybrid-u280-split-20260717-001649,DeepSeek,best:scrape+skills,batch_parallel_chathls_fd_ds_rag_20260717_195138_rag_skills,DeepSeek,matmul,poly_mini,660,660,660,333,333,333,660,333,0.5045454545454545,c2hls,19974,3072,xml:matmul_csynth.xml
native_vs_best_poly,best,csynth,ChatHLS native,hybrid-u280-split-20260717-001649,DeepSeek,best:scrape+noskills,batch_parallel_chathls_fd_ds_rag_ns_20260718_040145_rag_ns,DeepSeek,mvt,poly_mini,1234,1234,1234,499,499,499,1234,499,0.40437601296596437,c2hls,16,320,xml:mvt_csynth.xml
native_vs_best_poly,best,csynth,ChatHLS native,hybrid-u280-split-20260717-001649,DeepSeek,best:RAG2+skills,batch_parallel_chathls_fd_ds_rag2_20260717_195140_rag2_skills,DeepSeek,symm,hlsfactory,311596,311596,311596,50432,50432,50432,311596,50432,0.16185060141978716,c2hls,30,668,xml:kernel_symm_csynth.xml
native_vs_best_poly,best,csynth,ChatHLS native,hybrid-u280-split-20260717-001649,DeepSeek,best:skills,batch_parallel_chathls_fd_ds_skills_20260717_232141_skills,DeepSeek,syr2k,hlsfactory,394721,394721,394721,55368,1365768,2709768,394721,55368,0.14027122955201268,c2hls,38,11,xml:kernel_syr2k_csynth.xml
native_vs_best_poly,best,csynth,ChatHLS native,hybrid-u280-split-20260717-001649,DeepSeek,best:RAG2+noskills,batch_parallel_chathls_fd_ds_rag2_ns_20260717_215344_rag2_ns,DeepSeek,syrk,hlsfactory,164241,388881,619281,38471,1351991,2699191,164241,38471,0.23423505701986716,c2hls,11,8,xml:kernel_syrk_csynth.xml
port_vs_hlsfactory,worst,csynth,ChatHLS c2hlsport,hybrid-u280-c2hlsport-20260719-090238,DeepSeek,hlsfactory RAG2,batch_parallel_hlsfactory_ds_rag2_20260718_100518,DeepSeek,covariance,hlsfactory,84672,2717952,5418752,71759,599039,1139839,5418752,1139839,0.21035083354986536,c2hls,25,11,xml:kernel_covariance_csynth.xml
port_vs_hlsfactory,worst,csynth,ChatHLS c2hlsport,hybrid-u280-c2hlsport-20260719-090238,DeepSeek,hlsfactory RAG2,batch_parallel_hlsfactory_ds_rag2_20260718_100518,DeepSeek,durbin,hlsfactory,11903,61050,110197,43340,78207,113550,110197,113550,1.0304273256077752,chathls,19,11,xml:kernel_durbin_csynth.xml
port_vs_hlsfactory,worst,csynth,ChatHLS c2hlsport,hybrid-u280-c2hlsport-20260719-090238,DeepSeek,hlsfactory RAG2,batch_parallel_hlsfactory_ds_rag2_20260718_100518,DeepSeek,gemm,hlsfactory,342901,342901,342901,96373,96373,96373,342901,96373,0.28105196543608796,c2hls,20,52,xml:kernel_gemm_csynth.xml
port_vs_hlsfactory,worst,csynth,ChatHLS c2hlsport,hybrid-u280-c2hlsport-20260719-090238,DeepSeek,hlsfactory RAG2,batch_parallel_hlsfactory_ds_rag2_20260718_100518,DeepSeek,gemver,hlsfactory,30916,30916,30916,158742,158742,158742,30916,158742,5.1346228490102215,chathls,38,22,xml:kernel_gemver_csynth.xml
port_vs_hlsfactory,worst,csynth,ChatHLS c2hlsport,hybrid-u280-c2hlsport-20260719-090238,DeepSeek,hlsfactory RAG2,batch_parallel_hlsfactory_ds_rag2_20260718_100518,DeepSeek,lu,hlsfactory,721,10735441,42785041,30873,3925833,14683113,42785041,14683113,0.3431833336328929,c2hls,11,11,xml:kernel_lu_csynth.xml
port_vs_hlsfactory,worst,csynth,ChatHLS c2hlsport,hybrid-u280-c2hlsport-20260719-090238,DeepSeek,hlsfactory RAG2,batch_parallel_hlsfactory_ds_rag2_20260718_100518,DeepSeek,syrk,hlsfactory,149921,3931361,7809761,401780,408020,414420,7809761,414420,0.05306436394148297,c2hls,11,19,xml:kernel_syrk_csynth.xml
port_vs_hlsfactory,worst,csynth,ChatHLS c2hlsport,hybrid-u280-c2hlsport-20260719-090238,DeepSeek,hlsfactory RAG2,batch_parallel_hlsfactory_ds_rag2_20260718_100518,DeepSeek,trisolv,hlsfactory,4441,138961,275761,18871,110911,204511,275761,204511,0.741624087525067,c2hls,11,11,xml:kernel_trisolv_csynth.xml
port_vs_hlsfactory,worst,csynth,ChatHLS c2hlsport,hybrid-u280-c2hlsport-20260719-090238,DeepSeek,hlsfactory RAG2,batch_parallel_hlsfactory_ds_rag2_20260718_100518,DeepSeek,trmm,hlsfactory,62401,2846401,5726401,62448,1872048,3744048,5726401,3744048,0.6538221825541034,c2hls,11,11,xml:kernel_trmm_csynth.xml
port_vs_hlsfactory,avg,csynth,ChatHLS c2hlsport,hybrid-u280-c2hlsport-20260719-090238,DeepSeek,hlsfactory RAG2,batch_parallel_hlsfactory_ds_rag2_20260718_100518,DeepSeek,covariance,hlsfactory,84672,2717952,5418752,71759,599039,1139839,2717952,599039,0.22040087536498068,c2hls,25,11,xml:kernel_covariance_csynth.xml
port_vs_hlsfactory,avg,csynth,ChatHLS c2hlsport,hybrid-u280-c2hlsport-20260719-090238,DeepSeek,hlsfactory RAG2,batch_parallel_hlsfactory_ds_rag2_20260718_100518,DeepSeek,durbin,hlsfactory,11903,61050,110197,43340,78207,113550,61050,78207,1.281031941031941,chathls,19,11,xml:kernel_durbin_csynth.xml
port_vs_hlsfactory,avg,csynth,ChatHLS c2hlsport,hybrid-u280-c2hlsport-20260719-090238,DeepSeek,hlsfactory RAG2,batch_parallel_hlsfactory_ds_rag2_20260718_100518,DeepSeek,gemm,hlsfactory,342901,342901,342901,96373,96373,96373,342901,96373,0.28105196543608796,c2hls,20,52,xml:kernel_gemm_csynth.xml
port_vs_hlsfactory,avg,csynth,ChatHLS c2hlsport,hybrid-u280-c2hlsport-20260719-090238,DeepSeek,hlsfactory RAG2,batch_parallel_hlsfactory_ds_rag2_20260718_100518,DeepSeek,gemver,hlsfactory,30916,30916,30916,158742,158742,158742,30916,158742,5.1346228490102215,chathls,38,22,xml:kernel_gemver_csynth.xml
port_vs_hlsfactory,avg,csynth,ChatHLS c2hlsport,hybrid-u280-c2hlsport-20260719-090238,DeepSeek,hlsfactory RAG2,batch_parallel_hlsfactory_ds_rag2_20260718_100518,DeepSeek,lu,hlsfactory,721,10735441,42785041,30873,3925833,14683113,10735441,3925833,0.3656890294492793,c2hls,11,11,xml:kernel_lu_csynth.xml
port_vs_hlsfactory,avg,csynth,ChatHLS c2hlsport,hybrid-u280-c2hlsport-20260719-090238,DeepSeek,hlsfactory RAG2,batch_parallel_hlsfactory_ds_rag2_20260718_100518,DeepSeek,syrk,hlsfactory,149921,3931361,7809761,401780,408020,414420,3931361,408020,0.10378594079760164,c2hls,11,19,xml:kernel_syrk_csynth.xml
port_vs_hlsfactory,avg,csynth,ChatHLS c2hlsport,hybrid-u280-c2hlsport-20260719-090238,DeepSeek,hlsfactory RAG2,batch_parallel_hlsfactory_ds_rag2_20260718_100518,DeepSeek,trisolv,hlsfactory,4441,138961,275761,18871,110911,204511,138961,110911,0.7981448032181692,c2hls,11,11,xml:kernel_trisolv_csynth.xml
port_vs_hlsfactory,avg,csynth,ChatHLS c2hlsport,hybrid-u280-c2hlsport-20260719-090238,DeepSeek,hlsfactory RAG2,batch_parallel_hlsfactory_ds_rag2_20260718_100518,DeepSeek,trmm,hlsfactory,62401,2846401,5726401,62448,1872048,3744048,2846401,1872048,0.6576894822619863,c2hls,11,11,xml:kernel_trmm_csynth.xml
port_vs_hlsfactory,best,csynth,ChatHLS c2hlsport,hybrid-u280-c2hlsport-20260719-090238,DeepSeek,hlsfactory RAG2,batch_parallel_hlsfactory_ds_rag2_20260718_100518,DeepSeek,covariance,hlsfactory,84672,2717952,5418752,71759,599039,1139839,84672,71759,0.8474938586545729,c2hls,25,11,xml:kernel_covariance_csynth.xml
port_vs_hlsfactory,best,csynth,ChatHLS c2hlsport,hybrid-u280-c2hlsport-20260719-090238,DeepSeek,hlsfactory RAG2,batch_parallel_hlsfactory_ds_rag2_20260718_100518,DeepSeek,durbin,hlsfactory,11903,61050,110197,43340,78207,113550,11903,43340,3.6410988826346298,chathls,19,11,xml:kernel_durbin_csynth.xml
port_vs_hlsfactory,best,csynth,ChatHLS c2hlsport,hybrid-u280-c2hlsport-20260719-090238,DeepSeek,hlsfactory RAG2,batch_parallel_hlsfactory_ds_rag2_20260718_100518,DeepSeek,gemm,hlsfactory,342901,342901,342901,96373,96373,96373,342901,96373,0.28105196543608796,c2hls,20,52,xml:kernel_gemm_csynth.xml
port_vs_hlsfactory,best,csynth,ChatHLS c2hlsport,hybrid-u280-c2hlsport-20260719-090238,DeepSeek,hlsfactory RAG2,batch_parallel_hlsfactory_ds_rag2_20260718_100518,DeepSeek,gemver,hlsfactory,30916,30916,30916,158742,158742,158742,30916,158742,5.1346228490102215,chathls,38,22,xml:kernel_gemver_csynth.xml
port_vs_hlsfactory,best,csynth,ChatHLS c2hlsport,hybrid-u280-c2hlsport-20260719-090238,DeepSeek,hlsfactory RAG2,batch_parallel_hlsfactory_ds_rag2_20260718_100518,DeepSeek,lu,hlsfactory,721,10735441,42785041,30873,3925833,14683113,721,30873,42.81969486823856,chathls,11,11,xml:kernel_lu_csynth.xml
port_vs_hlsfactory,best,csynth,ChatHLS c2hlsport,hybrid-u280-c2hlsport-20260719-090238,DeepSeek,hlsfactory RAG2,batch_parallel_hlsfactory_ds_rag2_20260718_100518,DeepSeek,syrk,hlsfactory,149921,3931361,7809761,401780,408020,414420,149921,401780,2.6799447709126807,chathls,11,19,xml:kernel_syrk_csynth.xml
port_vs_hlsfactory,best,csynth,ChatHLS c2hlsport,hybrid-u280-c2hlsport-20260719-090238,DeepSeek,hlsfactory RAG2,batch_parallel_hlsfactory_ds_rag2_20260718_100518,DeepSeek,trisolv,hlsfactory,4441,138961,275761,18871,110911,204511,4441,18871,4.2492681828417025,chathls,11,11,xml:kernel_trisolv_csynth.xml
port_vs_hlsfactory,best,csynth,ChatHLS c2hlsport,hybrid-u280-c2hlsport-20260719-090238,DeepSeek,hlsfactory RAG2,batch_parallel_hlsfactory_ds_rag2_20260718_100518,DeepSeek,trmm,hlsfactory,62401,2846401,5726401,62448,1872048,3744048,62401,62448,1.0007531930578035,chathls,11,11,xml:kernel_trmm_csynth.xml
machsuite_vs_chathls_poly,worst,csynth,ChatHLS native,hybrid-u280-split-20260717-001649,DeepSeek,RAG2+skills chathls_*,batch_parallel_chathls_fd_ds_rag2_20260717_195140_rag2_skills,DeepSeek,gemm_blocked,machsuite_64,2097166,2097166,2097166,1319078,1319078,1319078,2097166,1319078,0.6289812060657096,c2hls,11,8,xml:gemm_blocked_csynth.xml
machsuite_vs_chathls_poly,worst,csynth,ChatHLS native,hybrid-u280-split-20260717-001649,DeepSeek,RAG2+skills chathls_*,batch_parallel_chathls_fd_ds_rag2_20260717_195140_rag2_skills,DeepSeek,gemm_ncubed,machsuite_64,4627,4627,4627,1319080,1319080,1319080,4627,1319080,285.0832072617247,chathls,1408,8,xml:gemm_ncubed_csynth.xml
machsuite_vs_machsuite_camp,worst,csynth,ChatHLS c2hlsport,hybrid-u280-c2hlsport-20260719-090238,DeepSeek,machsuite RAG2 camp,batch_parallel_machsuite_ds_rag2_20260718_100518,DeepSeek,gemm_ncubed,machsuite_64,4627,4627,4627,10571928,10571928,10571928,4627,10571928,2284.8342338448238,chathls,1408,8,xml:gemm_csynth.xml
machsuite_vs_machsuite_camp,worst,csynth,ChatHLS c2hlsport,hybrid-u280-c2hlsport-20260719-090238,DeepSeek,machsuite RAG2 camp,batch_parallel_machsuite_ds_rag2_20260718_100518,DeepSeek,stencil2d,machsuite_64,12108,12108,12108,21338,21338,21338,12108,21338,1.7623059134456558,chathls,18,84,xml:stencil_csynth.xml
machsuite_vs_chathls_poly,avg,csynth,ChatHLS native,hybrid-u280-split-20260717-001649,DeepSeek,RAG2+skills chathls_*,batch_parallel_chathls_fd_ds_rag2_20260717_195140_rag2_skills,DeepSeek,gemm_blocked,machsuite_64,2097166,2097166,2097166,1319078,1319078,1319078,2097166,1319078,0.6289812060657096,c2hls,11,8,xml:gemm_blocked_csynth.xml
machsuite_vs_chathls_poly,avg,csynth,ChatHLS native,hybrid-u280-split-20260717-001649,DeepSeek,RAG2+skills chathls_*,batch_parallel_chathls_fd_ds_rag2_20260717_195140_rag2_skills,DeepSeek,gemm_ncubed,machsuite_64,4627,4627,4627,1319080,1319080,1319080,4627,1319080,285.0832072617247,chathls,1408,8,xml:gemm_ncubed_csynth.xml
machsuite_vs_machsuite_camp,avg,csynth,ChatHLS c2hlsport,hybrid-u280-c2hlsport-20260719-090238,DeepSeek,machsuite RAG2 camp,batch_parallel_machsuite_ds_rag2_20260718_100518,DeepSeek,gemm_ncubed,machsuite_64,4627,4627,4627,10571928,10571928,10571928,4627,10571928,2284.8342338448238,chathls,1408,8,xml:gemm_csynth.xml
machsuite_vs_machsuite_camp,avg,csynth,ChatHLS c2hlsport,hybrid-u280-c2hlsport-20260719-090238,DeepSeek,machsuite RAG2 camp,batch_parallel_machsuite_ds_rag2_20260718_100518,DeepSeek,stencil2d,machsuite_64,12108,12108,12108,21338,21338,21338,12108,21338,1.7623059134456558,chathls,18,84,xml:stencil_csynth.xml
machsuite_vs_chathls_poly,best,csynth,ChatHLS native,hybrid-u280-split-20260717-001649,DeepSeek,RAG2+skills chathls_*,batch_parallel_chathls_fd_ds_rag2_20260717_195140_rag2_skills,DeepSeek,gemm_blocked,machsuite_64,2097166,2097166,2097166,1319078,1319078,1319078,2097166,1319078,0.6289812060657096,c2hls,11,8,xml:gemm_blocked_csynth.xml
machsuite_vs_chathls_poly,best,csynth,ChatHLS native,hybrid-u280-split-20260717-001649,DeepSeek,RAG2+skills chathls_*,batch_parallel_chathls_fd_ds_rag2_20260717_195140_rag2_skills,DeepSeek,gemm_ncubed,machsuite_64,4627,4627,4627,1319080,1319080,1319080,4627,1319080,285.0832072617247,chathls,1408,8,xml:gemm_ncubed_csynth.xml
machsuite_vs_machsuite_camp,best,csynth,ChatHLS c2hlsport,hybrid-u280-c2hlsport-20260719-090238,DeepSeek,machsuite RAG2 camp,batch_parallel_machsuite_ds_rag2_20260718_100518,DeepSeek,gemm_ncubed,machsuite_64,4627,4627,4627,10571928,10571928,10571928,4627,10571928,2284.8342338448238,chathls,1408,8,xml:gemm_csynth.xml
machsuite_vs_machsuite_camp,best,csynth,ChatHLS c2hlsport,hybrid-u280-c2hlsport-20260719-090238,DeepSeek,machsuite RAG2 camp,batch_parallel_machsuite_ds_rag2_20260718_100518,DeepSeek,stencil2d,machsuite_64,12108,12108,12108,21338,21338,21338,12108,21338,1.7623059134456558,chathls,18,84,xml:stencil_csynth.xml
