campaign,kind,model,architecture,bench,bench_short,suite,baseline_csynth,result_csynth,result_csynth_stage,speedup_csynth_vs_gold,baseline_cosim,result_cosim,result_cosim_stage,speedup_cosim_vs_baseline
batch_parallel_chathls_fd_20260713_chathls_fd_externc,c2hls-chathls-benches,Devstral,base/unknown,2mm,2mm,chathls,25296077.0,73875.0,final,342.41728595600676,,,,
batch_parallel_chathls_fd_20260713_chathls_fd_externc,c2hls-chathls-benches,Devstral,base/unknown,3mm,3mm,chathls,45441119.0,100086.0,final,454.02073217033353,,,,
batch_parallel_chathls_fd_20260713_chathls_fd_externc,c2hls-chathls-benches,Devstral,base/unknown,atax,atax,chathls,236250.0,1099.0,final,214.96815286624204,,,,
batch_parallel_chathls_fd_20260713_chathls_fd_externc,c2hls-chathls-benches,Devstral,base/unknown,bicg,bicg,chathls,234516.0,1056.0,final,222.07954545454547,,,,
batch_parallel_chathls_fd_20260713_chathls_fd_externc,c2hls-chathls-benches,Devstral,base/unknown,covariance,covariance,chathls,233415.0,42690.0,final,5.467673928320449,,,,
batch_parallel_chathls_fd_20260713_chathls_fd_externc,c2hls-chathls-benches,Devstral,base/unknown,gemm,gemm,chathls,2871462.0,2281.0,final,1258.8610258658482,,,,
batch_parallel_chathls_fd_20260713_chathls_fd_externc,c2hls-chathls-benches,Devstral,base/unknown,gemm_blocked,gemm_blocked,chathls,901125.0,612682.0,final,1.4707874558090495,,,,
batch_parallel_chathls_fd_20260713_chathls_fd_externc,c2hls-chathls-benches,Devstral,base/unknown,gemm_ncubed,gemm_ncubed,chathls,295512.0,42449.0,final,6.961577422318547,,,,
batch_parallel_chathls_fd_20260713_chathls_fd_externc,c2hls-chathls-benches,Devstral,base/unknown,gesummv,gesummv,chathls,1499.0,698.0,final,2.14756446991404,,,,
batch_parallel_chathls_fd_20260713_chathls_fd_externc,c2hls-chathls-benches,Devstral,base/unknown,matmul,matmul,chathls,34963.0,34974.0,final,0.9996854806427632,,,,
batch_parallel_chathls_fd_20260713_chathls_fd_externc,c2hls-chathls-benches,Devstral,base/unknown,mvt,mvt,chathls,14327.0,474.0,final,30.22573839662447,,,,
batch_parallel_chathls_fd_20260713_chathls_fd_externc,c2hls-chathls-benches,Devstral,base/unknown,symm,symm,chathls,37430401.0,24552001.0,final,1.524535658010115,,,,
batch_parallel_chathls_fd_20260713_chathls_fd_externc,c2hls-chathls-benches,Devstral,base/unknown,syr2k,syr2k,chathls,1952641.0,,,,,,,
batch_parallel_chathls_fd_20260713_chathls_fd_externc,c2hls-chathls-benches,Devstral,base/unknown,syrk,syrk,chathls,1183841.0,118874.0,final,9.958788296852129,,,,
batch_parallel_chathls_fd_20260714_chathls_rag,c2hls-chathls-benches,Devstral,scrape/RAG1+skills,2mm,2mm,chathls,25296077.0,55034.0,final,459.64452883671913,,,,
batch_parallel_chathls_fd_20260714_chathls_rag,c2hls-chathls-benches,Devstral,scrape/RAG1+skills,3mm,3mm,chathls,45441119.0,90346.0,final,502.96769087729393,,,,
batch_parallel_chathls_fd_20260714_chathls_rag,c2hls-chathls-benches,Devstral,scrape/RAG1+skills,atax,atax,chathls,236250.0,1098.0,final,215.1639344262295,,,,
batch_parallel_chathls_fd_20260714_chathls_rag,c2hls-chathls-benches,Devstral,scrape/RAG1+skills,bicg,bicg,chathls,234516.0,1056.0,final,222.07954545454547,,,,
batch_parallel_chathls_fd_20260714_chathls_rag,c2hls-chathls-benches,Devstral,scrape/RAG1+skills,covariance,covariance,chathls,233415.0,35994.0,final,6.484830805134189,,,,
batch_parallel_chathls_fd_20260714_chathls_rag,c2hls-chathls-benches,Devstral,scrape/RAG1+skills,gemm,gemm,chathls,2871462.0,2301.0,final,1247.9191655801826,,,,
batch_parallel_chathls_fd_20260714_chathls_rag,c2hls-chathls-benches,Devstral,scrape/RAG1+skills,gemm_blocked,gemm_blocked,chathls,901125.0,746497.0,final,1.207138139871962,,,,
batch_parallel_chathls_fd_20260714_chathls_rag,c2hls-chathls-benches,Devstral,scrape/RAG1+skills,gemm_ncubed,gemm_ncubed,chathls,295512.0,42449.0,final,6.961577422318547,,,,
batch_parallel_chathls_fd_20260714_chathls_rag,c2hls-chathls-benches,Devstral,scrape/RAG1+skills,gesummv,gesummv,chathls,1499.0,698.0,final,2.14756446991404,,,,
batch_parallel_chathls_fd_20260714_chathls_rag,c2hls-chathls-benches,Devstral,scrape/RAG1+skills,matmul,matmul,chathls,34963.0,18577.0,final,1.8820584593852614,,,,
batch_parallel_chathls_fd_20260714_chathls_rag,c2hls-chathls-benches,Devstral,scrape/RAG1+skills,mvt,mvt,chathls,14327.0,2603.0,final,5.504033807145602,,,,
batch_parallel_chathls_fd_20260714_chathls_rag,c2hls-chathls-benches,Devstral,scrape/RAG1+skills,symm,symm,chathls,37430401.0,66528001.0,final,0.562626269200543,,,,
batch_parallel_chathls_fd_20260714_chathls_rag,c2hls-chathls-benches,Devstral,scrape/RAG1+skills,syr2k,syr2k,chathls,1952641.0,407673.0,final,4.789723626534012,,,,
batch_parallel_chathls_fd_20260714_chathls_rag,c2hls-chathls-benches,Devstral,scrape/RAG1+skills,syrk,syrk,chathls,1183841.0,118874.0,final,9.958788296852129,,,,
batch_parallel_chathls_fd_ds_rag2_20260717_195140_rag2_skills,c2hls-chathls-benches,DeepSeek,RAG2+skills,2mm,2mm,chathls,25296077.0,54794.0,final,461.6577909990145,,54763.0,final,461.9191242262111
batch_parallel_chathls_fd_ds_rag2_20260717_195140_rag2_skills,c2hls-chathls-benches,DeepSeek,RAG2+skills,3mm,3mm,chathls,45441119.0,90644.0,final,501.31414103525884,,90539.0,final,501.8955256850639
batch_parallel_chathls_fd_ds_rag2_20260717_195140_rag2_skills,c2hls-chathls-benches,DeepSeek,RAG2+skills,atax,atax,chathls,236250.0,1921.0,final,122.98282144716293,,2015.0,final,117.24565756823822
batch_parallel_chathls_fd_ds_rag2_20260717_195140_rag2_skills,c2hls-chathls-benches,DeepSeek,RAG2+skills,bicg,bicg,chathls,234516.0,1934.0,final,121.25956566701137,,2034.0,final,115.29793510324484
batch_parallel_chathls_fd_ds_rag2_20260717_195140_rag2_skills,c2hls-chathls-benches,DeepSeek,RAG2+skills,covariance,covariance,chathls,233415.0,8674.0,final,26.909730228268387,,8870.0,final,26.31510710259301
batch_parallel_chathls_fd_ds_rag2_20260717_195140_rag2_skills,c2hls-chathls-benches,DeepSeek,RAG2+skills,gemm_blocked,gemm_blocked,chathls,901125.0,1319078.0,final,0.6831476228092652,,1319202.0,final,0.6830834095157527
batch_parallel_chathls_fd_ds_rag2_20260717_195140_rag2_skills,c2hls-chathls-benches,DeepSeek,RAG2+skills,gemm_ncubed,gemm_ncubed,chathls,295512.0,1319080.0,final,0.22402886860539165,,1319211.0,final,0.2240066221400519
batch_parallel_chathls_fd_ds_rag2_20260717_195140_rag2_skills,c2hls-chathls-benches,DeepSeek,RAG2+skills,gesummv,gesummv,chathls,1499.0,2344.0,final,0.639505119453925,,3497.0,final,0.42865313125536175
batch_parallel_chathls_fd_ds_rag2_20260717_195140_rag2_skills,c2hls-chathls-benches,DeepSeek,RAG2+skills,matmul,matmul,chathls,34963.0,3767.0,final,9.281391027342712,,3834.0,final,9.119196661450182
batch_parallel_chathls_fd_ds_rag2_20260717_195140_rag2_skills,c2hls-chathls-benches,DeepSeek,RAG2+skills,mobilenet,mobilenet,chathls,,3742647.0,final,,,3743427.0,final,
batch_parallel_chathls_fd_ds_rag2_20260717_195140_rag2_skills,c2hls-chathls-benches,DeepSeek,RAG2+skills,mvt,mvt,chathls,14327.0,5007.0,final,2.861394048332335,,5103.0,final,2.807564177934548
batch_parallel_chathls_fd_ds_rag2_20260717_195140_rag2_skills,c2hls-chathls-benches,DeepSeek,RAG2+skills,symm,symm,chathls,37430401.0,50432.0,final,742.1954513007614,,50423.0,final,742.3279257481705
batch_parallel_chathls_fd_ds_rag2_20260717_195140_rag2_skills,c2hls-chathls-benches,DeepSeek,RAG2+skills,syr2k,syr2k,chathls,1952641.0,392034.0,final,4.980795033083865,,384713.0,final,5.075578418197462
batch_parallel_chathls_fd_ds_rag2_20260717_195140_rag2_skills,c2hls-chathls-benches,DeepSeek,RAG2+skills,syrk,syrk,chathls,1183841.0,363295.0,final,3.2586217811970988,,355965.0,final,3.3257230345680053
batch_parallel_chathls_fd_ds_rag2_ns_20260717_215344_rag2_ns,c2hls-chathls-benches,DeepSeek,RAG2+noskills,2mm,2mm,chathls,25296077.0,25322.0,final,998.9762656978122,,,,
batch_parallel_chathls_fd_ds_rag2_ns_20260717_215344_rag2_ns,c2hls-chathls-benches,DeepSeek,RAG2+noskills,3mm,3mm,chathls,45441119.0,90518.0,final,502.0119644711549,,,,
batch_parallel_chathls_fd_ds_rag2_ns_20260717_215344_rag2_ns,c2hls-chathls-benches,DeepSeek,RAG2+noskills,atax,atax,chathls,236250.0,1859.0,final,127.08445400753094,,,,
batch_parallel_chathls_fd_ds_rag2_ns_20260717_215344_rag2_ns,c2hls-chathls-benches,DeepSeek,RAG2+noskills,bicg,bicg,chathls,234516.0,982.0,final,238.81466395112017,,,,
batch_parallel_chathls_fd_ds_rag2_ns_20260717_215344_rag2_ns,c2hls-chathls-benches,DeepSeek,RAG2+noskills,covariance,covariance,chathls,233415.0,5114.0,final,45.64235432147047,,,,
batch_parallel_chathls_fd_ds_rag2_ns_20260717_215344_rag2_ns,c2hls-chathls-benches,DeepSeek,RAG2+noskills,gemm,gemm,chathls,2871462.0,,final_over,,,,,
batch_parallel_chathls_fd_ds_rag2_ns_20260717_215344_rag2_ns,c2hls-chathls-benches,DeepSeek,RAG2+noskills,gemm_blocked,gemm_blocked,chathls,901125.0,593986.0,final,1.517081210668265,,,,
batch_parallel_chathls_fd_ds_rag2_ns_20260717_215344_rag2_ns,c2hls-chathls-benches,DeepSeek,RAG2+noskills,gemm_ncubed,gemm_ncubed,chathls,295512.0,307404.0,final,0.9613147519225514,,,,
batch_parallel_chathls_fd_ds_rag2_ns_20260717_215344_rag2_ns,c2hls-chathls-benches,DeepSeek,RAG2+noskills,gesummv,gesummv,chathls,1499.0,878.0,final,1.7072892938496582,,,,
batch_parallel_chathls_fd_ds_rag2_ns_20260717_215344_rag2_ns,c2hls-chathls-benches,DeepSeek,RAG2+noskills,matmul,matmul,chathls,34963.0,53217.0,final,0.6569893079279178,,,,
batch_parallel_chathls_fd_ds_rag2_ns_20260717_215344_rag2_ns,c2hls-chathls-benches,DeepSeek,RAG2+noskills,mvt,mvt,chathls,14327.0,2149.0,final,6.666821777570963,,,,
batch_parallel_chathls_fd_ds_rag2_ns_20260717_215344_rag2_ns,c2hls-chathls-benches,DeepSeek,RAG2+noskills,symm,symm,chathls,37430401.0,21731057.0,final,1.7224381216247326,,,,
batch_parallel_chathls_fd_ds_rag2_ns_20260717_215344_rag2_ns,c2hls-chathls-benches,DeepSeek,RAG2+noskills,syr2k,syr2k,chathls,1952641.0,1990797.0,final,0.9808338067618145,,,,
batch_parallel_chathls_fd_ds_rag2_ns_20260717_215344_rag2_ns,c2hls-chathls-benches,DeepSeek,RAG2+noskills,syrk,syrk,chathls,1183841.0,1351991.0,final,0.8756278703038703,,,,
batch_parallel_chathls_fd_ds_rag_20260717_195138_rag_skills,c2hls-chathls-benches,DeepSeek,scrape/RAG1+skills,2mm,2mm,chathls,25296077.0,70402.0,final,359.3090679242067,,,,
batch_parallel_chathls_fd_ds_rag_20260717_195138_rag_skills,c2hls-chathls-benches,DeepSeek,scrape/RAG1+skills,3mm,3mm,chathls,45441119.0,90644.0,final,501.31414103525884,,,,
batch_parallel_chathls_fd_ds_rag_20260717_195138_rag_skills,c2hls-chathls-benches,DeepSeek,scrape/RAG1+skills,atax,atax,chathls,236250.0,1897.0,final,124.53874538745387,,,,
batch_parallel_chathls_fd_ds_rag_20260717_195138_rag_skills,c2hls-chathls-benches,DeepSeek,scrape/RAG1+skills,bicg,bicg,chathls,234516.0,1135.0,final,206.62202643171807,,,,
batch_parallel_chathls_fd_ds_rag_20260717_195138_rag_skills,c2hls-chathls-benches,DeepSeek,scrape/RAG1+skills,covariance,covariance,chathls,233415.0,7133.0,final,32.72325809617272,,,,
batch_parallel_chathls_fd_ds_rag_20260717_195138_rag_skills,c2hls-chathls-benches,DeepSeek,scrape/RAG1+skills,gemm,gemm,chathls,2871462.0,25405.0,final,113.02743554418421,,,,
batch_parallel_chathls_fd_ds_rag_20260717_195138_rag_skills,c2hls-chathls-benches,DeepSeek,scrape/RAG1+skills,gemm_blocked,gemm_blocked,chathls,901125.0,256425.0,final,3.5141854343375254,,,,
batch_parallel_chathls_fd_ds_rag_20260717_195138_rag_skills,c2hls-chathls-benches,DeepSeek,scrape/RAG1+skills,gemm_ncubed,gemm_ncubed,chathls,295512.0,1319077.0,final,0.22402937811818416,,,,
batch_parallel_chathls_fd_ds_rag_20260717_195138_rag_skills,c2hls-chathls-benches,DeepSeek,scrape/RAG1+skills,gesummv,gesummv,chathls,1499.0,1115.0,final,1.3443946188340807,,,,
batch_parallel_chathls_fd_ds_rag_20260717_195138_rag_skills,c2hls-chathls-benches,DeepSeek,scrape/RAG1+skills,matmul,matmul,chathls,34963.0,333.0,final,104.993993993994,,,,
batch_parallel_chathls_fd_ds_rag_20260717_195138_rag_skills,c2hls-chathls-benches,DeepSeek,scrape/RAG1+skills,mvt,mvt,chathls,14327.0,2605.0,final,5.499808061420345,,,,
batch_parallel_chathls_fd_ds_rag_20260717_195138_rag_skills,c2hls-chathls-benches,DeepSeek,scrape/RAG1+skills,symm,symm,chathls,37430401.0,24859201.0,final,1.5056960599819762,,,,
batch_parallel_chathls_fd_ds_rag_20260717_195138_rag_skills,c2hls-chathls-benches,DeepSeek,scrape/RAG1+skills,syr2k,syr2k,chathls,1952641.0,800481.0,final,2.439334600071707,,,,
batch_parallel_chathls_fd_ds_rag_ns_20260718_040145_rag_ns,c2hls-chathls-benches,DeepSeek,scrape/RAG1+noskills,3mm,3mm,chathls,45441119.0,307576.0,final,147.7394822742997,,,,
batch_parallel_chathls_fd_ds_rag_ns_20260718_040145_rag_ns,c2hls-chathls-benches,DeepSeek,scrape/RAG1+noskills,atax,atax,chathls,236250.0,1288.0,final,183.42391304347825,,,,
batch_parallel_chathls_fd_ds_rag_ns_20260718_040145_rag_ns,c2hls-chathls-benches,DeepSeek,scrape/RAG1+noskills,bicg,bicg,chathls,234516.0,1708.0,final,137.30444964871194,,,,
batch_parallel_chathls_fd_ds_rag_ns_20260718_040145_rag_ns,c2hls-chathls-benches,DeepSeek,scrape/RAG1+noskills,covariance,covariance,chathls,233415.0,5824.0,final,40.078125,,,,
batch_parallel_chathls_fd_ds_rag_ns_20260718_040145_rag_ns,c2hls-chathls-benches,DeepSeek,scrape/RAG1+noskills,gemm,gemm,chathls,2871462.0,3251.0,final,883.2549984620117,,,,
batch_parallel_chathls_fd_ds_rag_ns_20260718_040145_rag_ns,c2hls-chathls-benches,DeepSeek,scrape/RAG1+noskills,gemm_blocked,gemm_blocked,chathls,901125.0,2719783.0,final,0.3313223885876189,,,,
batch_parallel_chathls_fd_ds_rag_ns_20260718_040145_rag_ns,c2hls-chathls-benches,DeepSeek,scrape/RAG1+noskills,gemm_ncubed,gemm_ncubed,chathls,295512.0,306388.0,final,0.9645025262085982,,,,
batch_parallel_chathls_fd_ds_rag_ns_20260718_040145_rag_ns,c2hls-chathls-benches,DeepSeek,scrape/RAG1+noskills,gesummv,gesummv,chathls,1499.0,245.0,final,6.118367346938776,,,,
batch_parallel_chathls_fd_ds_rag_ns_20260718_040145_rag_ns,c2hls-chathls-benches,DeepSeek,scrape/RAG1+noskills,matmul,matmul,chathls,34963.0,3230.0,final,10.824458204334364,,,,
batch_parallel_chathls_fd_ds_rag_ns_20260718_040145_rag_ns,c2hls-chathls-benches,DeepSeek,scrape/RAG1+noskills,mvt,mvt,chathls,14327.0,499.0,final,28.711422845691384,,,,
batch_parallel_chathls_fd_ds_rag_ns_20260718_040145_rag_ns,c2hls-chathls-benches,DeepSeek,scrape/RAG1+noskills,syrk,syrk,chathls,1183841.0,1099272.0,final,1.0769318239707735,,,,
batch_parallel_chathls_fd_ds_skills_20260717_232141_skills,c2hls-chathls-benches,DeepSeek,skills,2mm,2mm,chathls,25296077.0,53914.0,final,469.1931038320288,,,,
batch_parallel_chathls_fd_ds_skills_20260717_232141_skills,c2hls-chathls-benches,DeepSeek,skills,3mm,3mm,chathls,45441119.0,92640.0,final,490.5129425734024,,,,
batch_parallel_chathls_fd_ds_skills_20260717_232141_skills,c2hls-chathls-benches,DeepSeek,skills,atax,atax,chathls,236250.0,3318.0,final,71.20253164556962,,,,
batch_parallel_chathls_fd_ds_skills_20260717_232141_skills,c2hls-chathls-benches,DeepSeek,skills,bicg,bicg,chathls,234516.0,2596.0,final,90.33744221879815,,,,
batch_parallel_chathls_fd_ds_skills_20260717_232141_skills,c2hls-chathls-benches,DeepSeek,skills,covariance,covariance,chathls,233415.0,6234.0,final,37.44225216554379,,,,
batch_parallel_chathls_fd_ds_skills_20260717_232141_skills,c2hls-chathls-benches,DeepSeek,skills,gemm,gemm,chathls,2871462.0,31419.0,final,91.39253318055954,,,,
batch_parallel_chathls_fd_ds_skills_20260717_232141_skills,c2hls-chathls-benches,DeepSeek,skills,gemm_blocked,gemm_blocked,chathls,901125.0,1695911.0,final,0.5313515862565901,,,,
batch_parallel_chathls_fd_ds_skills_20260717_232141_skills,c2hls-chathls-benches,DeepSeek,skills,gemm_ncubed,gemm_ncubed,chathls,295512.0,1319077.0,final,0.22402937811818416,,,,
batch_parallel_chathls_fd_ds_skills_20260717_232141_skills,c2hls-chathls-benches,DeepSeek,skills,gesummv,gesummv,chathls,1499.0,2315.0,final,0.6475161987041037,,,,
batch_parallel_chathls_fd_ds_skills_20260717_232141_skills,c2hls-chathls-benches,DeepSeek,skills,matmul,matmul,chathls,34963.0,3640.0,final,9.60521978021978,,,,
batch_parallel_chathls_fd_ds_skills_20260717_232141_skills,c2hls-chathls-benches,DeepSeek,skills,mobilenet,mobilenet,chathls,,1396884.0,final,,,,,
batch_parallel_chathls_fd_ds_skills_20260717_232141_skills,c2hls-chathls-benches,DeepSeek,skills,mvt,mvt,chathls,14327.0,5007.0,final,2.861394048332335,,,,
batch_parallel_chathls_fd_ds_skills_20260717_232141_skills,c2hls-chathls-benches,DeepSeek,skills,symm,symm,chathls,37430401.0,34190402.0,final,1.0947634075785362,,,,
batch_parallel_chathls_fd_ds_skills_20260717_232141_skills,c2hls-chathls-benches,DeepSeek,skills,syr2k,syr2k,chathls,1952641.0,1365768.0,final,1.4297018234429273,,,,
batch_parallel_chathls_fd_ds_skills_20260717_232141_skills,c2hls-chathls-benches,DeepSeek,skills,syrk,syrk,chathls,1183841.0,1362874.0,final,0.8686356919275002,,,,
batch_parallel_chathls_fd_glm_rag2_20260718_023346_rag2_skills,c2hls-chathls-benches,GLM-4.7,RAG2+skills,2mm,2mm,chathls,25296077.0,1511402.0,final,16.73682911627747,,,,
batch_parallel_chathls_fd_glm_rag2_20260718_023346_rag2_skills,c2hls-chathls-benches,GLM-4.7,RAG2+skills,3mm,3mm,chathls,45441119.0,852111.0,final,53.327699090846146,,852352.0,final,53.31262084209341
batch_parallel_chathls_fd_glm_rag2_20260718_023346_rag2_skills,c2hls-chathls-benches,GLM-4.7,RAG2+skills,atax,atax,chathls,236250.0,5370.0,final,43.99441340782123,,5395.0,final,43.790546802594996
batch_parallel_chathls_fd_glm_rag2_20260718_023346_rag2_skills,c2hls-chathls-benches,GLM-4.7,RAG2+skills,bicg,bicg,chathls,234516.0,296.0,final,792.2837837837837,,395.0,final,593.7113924050633
batch_parallel_chathls_fd_glm_rag2_20260718_023346_rag2_skills,c2hls-chathls-benches,GLM-4.7,RAG2+skills,covariance,covariance,chathls,233415.0,41879.0,final,5.573557152749588,,42470.0,final,5.495997174476101
batch_parallel_chathls_fd_glm_rag2_20260718_023346_rag2_skills,c2hls-chathls-benches,GLM-4.7,RAG2+skills,gemm,gemm,chathls,2871462.0,26062.0,final,110.17811372880055,,23804.0,final,120.62939001848429
batch_parallel_chathls_fd_glm_rag2_20260718_023346_rag2_skills,c2hls-chathls-benches,GLM-4.7,RAG2+skills,gemm_blocked,gemm_blocked,chathls,901125.0,183657.0,final,4.906564955324328,,246393.0,final,3.657267048982723
batch_parallel_chathls_fd_glm_rag2_20260718_023346_rag2_skills,c2hls-chathls-benches,GLM-4.7,RAG2+skills,gemm_ncubed,gemm_ncubed,chathls,295512.0,30226.0,final,9.776748494673459,,30105.0,final,9.81604384653712
batch_parallel_chathls_fd_glm_rag2_20260718_023346_rag2_skills,c2hls-chathls-benches,GLM-4.7,RAG2+skills,gesummv,gesummv,chathls,1499.0,687.0,final,2.1819505094614264,,803.0,final,1.8667496886674968
batch_parallel_chathls_fd_glm_rag2_20260718_023346_rag2_skills,c2hls-chathls-benches,GLM-4.7,RAG2+skills,matmul,matmul,chathls,34963.0,18591.0,final,1.8806411704588242,,18720.0,final,1.8676816239316238
batch_parallel_chathls_fd_glm_rag2_20260718_023346_rag2_skills,c2hls-chathls-benches,GLM-4.7,RAG2+skills,mvt,mvt,chathls,14327.0,1035.0,final,13.842512077294685,,1115.0,final,12.84932735426009
batch_parallel_chathls_fd_glm_rag2_20260718_023346_rag2_skills,c2hls-chathls-benches,GLM-4.7,RAG2+skills,symm,symm,chathls,37430401.0,969933.0,final,38.59070781177669,,972443.0,final,38.49110024957761
batch_parallel_chathls_fd_glm_rag2_20260718_023346_rag2_skills,c2hls-chathls-benches,GLM-4.7,RAG2+skills,syr2k,syr2k,chathls,1952641.0,1363673.0,final,1.4318982630000008,,1380301.0,final,1.4146486889453822
batch_parallel_chathls_fd_glm_rag2_20260718_023346_rag2_skills,c2hls-chathls-benches,GLM-4.7,RAG2+skills,syrk,syrk,chathls,1183841.0,979274.0,final,1.2088965907396705,,991325.0,final,1.1942006909943763
batch_parallel_chathls_fd_glm_rag2_ns_20260718_131155_rag2_ns,c2hls-chathls-benches,GLM-4.7,RAG2+noskills,3mm,3mm,chathls,45441119.0,297273.0,final,152.8598930948993,,,,
batch_parallel_chathls_fd_glm_rag2_ns_20260718_131155_rag2_ns,c2hls-chathls-benches,GLM-4.7,RAG2+noskills,atax,atax,chathls,236250.0,2436.0,final,96.98275862068965,,,,
batch_parallel_chathls_fd_glm_rag2_ns_20260718_131155_rag2_ns,c2hls-chathls-benches,GLM-4.7,RAG2+noskills,bicg,bicg,chathls,234516.0,232877.0,final,1.0070380501294676,,,,
batch_parallel_chathls_fd_glm_rag2_ns_20260718_131155_rag2_ns,c2hls-chathls-benches,GLM-4.7,RAG2+noskills,covariance,covariance,chathls,233415.0,36778.0,final,6.346593071945184,,,,
batch_parallel_chathls_fd_glm_rag2_ns_20260718_131155_rag2_ns,c2hls-chathls-benches,GLM-4.7,RAG2+noskills,gemm,gemm,chathls,2871462.0,5610.0,final,511.84705882352944,,,,
batch_parallel_chathls_fd_glm_rag2_ns_20260718_131155_rag2_ns,c2hls-chathls-benches,GLM-4.7,RAG2+noskills,gemm_blocked,gemm_blocked,chathls,901125.0,49385.0,final,18.246937329148526,,,,
batch_parallel_chathls_fd_glm_rag2_ns_20260718_131155_rag2_ns,c2hls-chathls-benches,GLM-4.7,RAG2+noskills,gemm_ncubed,gemm_ncubed,chathls,295512.0,1590305.0,final,0.18582095887266908,,,,
batch_parallel_chathls_fd_glm_rag2_ns_20260718_131155_rag2_ns,c2hls-chathls-benches,GLM-4.7,RAG2+noskills,gesummv,gesummv,chathls,1499.0,1435.0,final,1.0445993031358884,,,,
batch_parallel_chathls_fd_glm_rag2_ns_20260718_131155_rag2_ns,c2hls-chathls-benches,GLM-4.7,RAG2+noskills,matmul,matmul,chathls,34963.0,3640.0,final,9.60521978021978,,,,
batch_parallel_chathls_fd_glm_rag2_ns_20260718_131155_rag2_ns,c2hls-chathls-benches,GLM-4.7,RAG2+noskills,mobilenet,mobilenet,chathls,,24626516.0,final,,,,,
batch_parallel_chathls_fd_glm_rag2_ns_20260718_131155_rag2_ns,c2hls-chathls-benches,GLM-4.7,RAG2+noskills,mvt,mvt,chathls,14327.0,5166.0,final,2.7733255903987613,,,,
batch_parallel_chathls_fd_glm_rag2_ns_20260718_131155_rag2_ns,c2hls-chathls-benches,GLM-4.7,RAG2+noskills,symm,symm,chathls,37430401.0,407262.0,final,91.90742323123689,,,,
batch_parallel_chathls_fd_glm_rag2_ns_20260718_131155_rag2_ns,c2hls-chathls-benches,GLM-4.7,RAG2+noskills,syr2k,syr2k,chathls,1952641.0,417437.0,final,4.677690286198875,,,,
batch_parallel_chathls_fd_glm_rag_20260718_171759_rag_skills,c2hls-chathls-benches,GLM-4.7,scrape/RAG1+skills,2mm,2mm,chathls,25296077.0,192156.0,final,131.6434407460605,,,,
batch_parallel_chathls_fd_glm_rag_20260718_171759_rag_skills,c2hls-chathls-benches,GLM-4.7,scrape/RAG1+skills,3mm,3mm,chathls,45441119.0,66069.0,final,687.7827574202728,,,,
batch_parallel_chathls_fd_glm_rag_20260718_171759_rag_skills,c2hls-chathls-benches,GLM-4.7,scrape/RAG1+skills,atax,atax,chathls,236250.0,3351.0,final,70.50134288272157,,,,
batch_parallel_chathls_fd_glm_rag_20260718_171759_rag_skills,c2hls-chathls-benches,GLM-4.7,scrape/RAG1+skills,bicg,bicg,chathls,234516.0,1840.0,final,127.45434782608696,,,,
batch_parallel_chathls_fd_glm_rag_20260718_171759_rag_skills,c2hls-chathls-benches,GLM-4.7,scrape/RAG1+skills,covariance,covariance,chathls,233415.0,19122.0,final,12.206620646375901,,,,
batch_parallel_chathls_fd_glm_rag_20260718_171759_rag_skills,c2hls-chathls-benches,GLM-4.7,scrape/RAG1+skills,gemm,gemm,chathls,2871462.0,26005.0,final,110.41961161315132,,,,
batch_parallel_chathls_fd_glm_rag_20260718_171759_rag_skills,c2hls-chathls-benches,GLM-4.7,scrape/RAG1+skills,gemm_blocked,gemm_blocked,chathls,901125.0,172201.0,final,5.232983548295306,,,,
batch_parallel_chathls_fd_glm_rag_20260718_171759_rag_skills,c2hls-chathls-benches,GLM-4.7,scrape/RAG1+skills,gemm_ncubed,gemm_ncubed,chathls,295512.0,21209.0,final,13.933330190013674,,,,
batch_parallel_chathls_fd_glm_rag_20260718_171759_rag_skills,c2hls-chathls-benches,GLM-4.7,scrape/RAG1+skills,gesummv,gesummv,chathls,1499.0,1540.0,final,0.9733766233766233,,,,
batch_parallel_chathls_fd_glm_rag_20260718_171759_rag_skills,c2hls-chathls-benches,GLM-4.7,scrape/RAG1+skills,matmul,matmul,chathls,34963.0,3231.0,final,10.821108016094088,,,,
batch_parallel_chathls_fd_glm_rag_20260718_171759_rag_skills,c2hls-chathls-benches,GLM-4.7,scrape/RAG1+skills,mobilenet,mobilenet,chathls,,12651459.0,final,,,,,
batch_parallel_chathls_fd_glm_rag_20260718_171759_rag_skills,c2hls-chathls-benches,GLM-4.7,scrape/RAG1+skills,mvt,mvt,chathls,14327.0,5007.0,final,2.861394048332335,,,,
batch_parallel_chathls_fd_glm_rag_20260718_171759_rag_skills,c2hls-chathls-benches,GLM-4.7,scrape/RAG1+skills,symm,symm,chathls,37430401.0,63753.0,final,587.1159161137515,,,,
batch_parallel_chathls_fd_glm_rag_20260718_171759_rag_skills,c2hls-chathls-benches,GLM-4.7,scrape/RAG1+skills,syr2k,syr2k,chathls,1952641.0,979993.0,final,1.9925050485054485,,,,
batch_parallel_chathls_fd_glm_rag_20260718_171759_rag_skills,c2hls-chathls-benches,GLM-4.7,scrape/RAG1+skills,syrk,syrk,chathls,1183841.0,1365680.0,final,0.8668509460488548,,,,
batch_parallel_chathls_fd_glm_skills_20260718_205203_skills,c2hls-chathls-benches,GLM-4.7,skills,2mm,2mm,chathls,25296077.0,2123355.0,final,11.913258498932114,,2113092.0,final,11.971119572645204
batch_parallel_chathls_fd_glm_skills_20260718_205203_skills,c2hls-chathls-benches,GLM-4.7,skills,3mm,3mm,chathls,45441119.0,1131056.0,final,40.17583479509414,,1106320.0,final,41.07411869983368
batch_parallel_chathls_fd_glm_skills_20260718_205203_skills,c2hls-chathls-benches,GLM-4.7,skills,atax,atax,chathls,236250.0,3994.0,final,59.15122684026039,,3935.0,final,60.03811944091487
batch_parallel_chathls_fd_glm_skills_20260718_205203_skills,c2hls-chathls-benches,GLM-4.7,skills,bicg,bicg,chathls,234516.0,3394.0,final,69.09723040659988,,3508.0,final,66.85176738882554
batch_parallel_chathls_fd_glm_skills_20260718_205203_skills,c2hls-chathls-benches,GLM-4.7,skills,covariance,covariance,chathls,233415.0,38065.0,final,6.132011033758046,,38740.0,final,6.025167785234899
batch_parallel_chathls_fd_glm_skills_20260718_205203_skills,c2hls-chathls-benches,GLM-4.7,skills,gemm,gemm,chathls,2871462.0,2517.0,final,1140.8271752085816,,2673.0,final,1074.2469135802469
batch_parallel_chathls_fd_glm_skills_20260718_205203_skills,c2hls-chathls-benches,GLM-4.7,skills,gemm_blocked,gemm_blocked,chathls,901125.0,671688.0,final,1.3415826991103013,,947592.0,final,0.9509630727148393
batch_parallel_chathls_fd_glm_skills_20260718_205203_skills,c2hls-chathls-benches,GLM-4.7,skills,gemm_ncubed,gemm_ncubed,chathls,295512.0,355607.0,final,0.8310072636365425,,353691.0,final,0.8355089612119053
batch_parallel_chathls_fd_glm_skills_20260718_205203_skills,c2hls-chathls-benches,GLM-4.7,skills,gesummv,gesummv,chathls,1499.0,1435.0,final,1.0445993031358884,,1492.0,final,1.0046916890080428
batch_parallel_chathls_fd_glm_skills_20260718_205203_skills,c2hls-chathls-benches,GLM-4.7,skills,matmul,matmul,chathls,34963.0,3576.0,final,9.777125279642059,,3645.0,final,9.592043895747599
batch_parallel_chathls_fd_glm_skills_20260718_205203_skills,c2hls-chathls-benches,GLM-4.7,skills,mobilenet,mobilenet,chathls,,22593315.0,final,,,20647995.0,final,
batch_parallel_chathls_fd_glm_skills_20260718_205203_skills,c2hls-chathls-benches,GLM-4.7,skills,mvt,mvt,chathls,14327.0,5005.0,final,2.8625374625374627,,5103.0,final,2.807564177934548
batch_parallel_chathls_fd_glm_skills_20260718_205203_skills,c2hls-chathls-benches,GLM-4.7,skills,symm,symm,chathls,37430401.0,968974.0,final,38.62890129146912,,971354.0,final,38.534253217673474
batch_parallel_chathls_fd_glm_skills_20260718_205203_skills,c2hls-chathls-benches,GLM-4.7,skills,syr2k,syr2k,chathls,1952641.0,712801.0,final,2.7393914991701753,,764048.0,final,2.555652262685067
batch_parallel_chathls_fd_glm_skills_20260718_205203_skills,c2hls-chathls-benches,GLM-4.7,skills,syrk,syrk,chathls,1183841.0,365600.0,final,3.238077133479212,,413755.0,final,2.8612125533226185
batch_parallel_chathls_fd_rag2_20260717_091157_rag2_skills,c2hls-chathls-benches,Devstral,RAG2+skills,2mm,2mm,chathls,25296077.0,54794.0,final,461.6577909990145,,,,
batch_parallel_chathls_fd_rag2_20260717_091157_rag2_skills,c2hls-chathls-benches,Devstral,RAG2+skills,3mm,3mm,chathls,45441119.0,91045.0,final,499.1061453127574,,,,
batch_parallel_chathls_fd_rag2_20260717_091157_rag2_skills,c2hls-chathls-benches,Devstral,RAG2+skills,atax,atax,chathls,236250.0,5370.0,final,43.99441340782123,,,,
batch_parallel_chathls_fd_rag2_20260717_091157_rag2_skills,c2hls-chathls-benches,Devstral,RAG2+skills,bicg,bicg,chathls,234516.0,1892.0,final,123.95137420718817,,,,
batch_parallel_chathls_fd_rag2_20260717_091157_rag2_skills,c2hls-chathls-benches,Devstral,RAG2+skills,covariance,covariance,chathls,233415.0,34131.0,final,6.838797574052914,,,,
batch_parallel_chathls_fd_rag2_20260717_091157_rag2_skills,c2hls-chathls-benches,Devstral,RAG2+skills,gemm,gemm,chathls,2871462.0,2764.0,final,1038.8791606367583,,,,
batch_parallel_chathls_fd_rag2_20260717_091157_rag2_skills,c2hls-chathls-benches,Devstral,RAG2+skills,gemm_blocked,gemm_blocked,chathls,901125.0,603722.0,final,1.4926158066129775,,,,
batch_parallel_chathls_fd_rag2_20260717_091157_rag2_skills,c2hls-chathls-benches,Devstral,RAG2+skills,gemm_ncubed,gemm_ncubed,chathls,295512.0,48090.0,final,6.1449781659388645,,,,
batch_parallel_chathls_fd_rag2_20260717_091157_rag2_skills,c2hls-chathls-benches,Devstral,RAG2+skills,gesummv,gesummv,chathls,1499.0,682.0,final,2.197947214076246,,,,
batch_parallel_chathls_fd_rag2_20260717_091157_rag2_skills,c2hls-chathls-benches,Devstral,RAG2+skills,matmul,matmul,chathls,34963.0,2201.0,final,15.885052248977738,,,,
batch_parallel_chathls_fd_rag2_20260717_091157_rag2_skills,c2hls-chathls-benches,Devstral,RAG2+skills,mvt,mvt,chathls,14327.0,5007.0,final,2.861394048332335,,,,
batch_parallel_chathls_fd_rag2_20260717_091157_rag2_skills,c2hls-chathls-benches,Devstral,RAG2+skills,symm,symm,chathls,37430401.0,24552001.0,final,1.524535658010115,,,,
batch_parallel_chathls_fd_rag2_20260717_091157_rag2_skills,c2hls-chathls-benches,Devstral,RAG2+skills,syr2k,syr2k,chathls,1952641.0,407673.0,final,4.789723626534012,,,,
batch_parallel_chathls_fd_rag2_20260717_091157_rag2_skills,c2hls-chathls-benches,Devstral,RAG2+skills,syrk,syrk,chathls,1183841.0,407033.0,final,2.908464424260441,,,,
batch_parallel_chathls_fd_rag2_ns_20260717_091157_rag2_ns,c2hls-chathls-benches,Devstral,RAG2+noskills,2mm,2mm,chathls,25296077.0,114860.0,final,220.23399791049974,,,,
batch_parallel_chathls_fd_rag2_ns_20260717_091157_rag2_ns,c2hls-chathls-benches,Devstral,RAG2+noskills,3mm,3mm,chathls,45441119.0,2100309.0,final,21.635444594104964,,,,
batch_parallel_chathls_fd_rag2_ns_20260717_091157_rag2_ns,c2hls-chathls-benches,Devstral,RAG2+noskills,atax,atax,chathls,236250.0,317725.0,final,0.743567550554725,,,,
batch_parallel_chathls_fd_rag2_ns_20260717_091157_rag2_ns,c2hls-chathls-benches,Devstral,RAG2+noskills,bicg,bicg,chathls,234516.0,234607.0,final,0.999612117285503,,,,
batch_parallel_chathls_fd_rag2_ns_20260717_091157_rag2_ns,c2hls-chathls-benches,Devstral,RAG2+noskills,covariance,covariance,chathls,233415.0,6234.0,final,37.44225216554379,,,,
batch_parallel_chathls_fd_rag2_ns_20260717_091157_rag2_ns,c2hls-chathls-benches,Devstral,RAG2+noskills,gemm,gemm,chathls,2871462.0,16417.0,final,174.9078394347323,,,,
batch_parallel_chathls_fd_rag2_ns_20260717_091157_rag2_ns,c2hls-chathls-benches,Devstral,RAG2+noskills,gemm_blocked,gemm_blocked,chathls,901125.0,1224705.0,final,0.7357894350067976,,,,
batch_parallel_chathls_fd_rag2_ns_20260717_091157_rag2_ns,c2hls-chathls-benches,Devstral,RAG2+noskills,gemm_ncubed,gemm_ncubed,chathls,295512.0,1950220.0,final,0.1515275199721057,,,,
batch_parallel_chathls_fd_rag2_ns_20260717_091157_rag2_ns,c2hls-chathls-benches,Devstral,RAG2+noskills,gesummv,gesummv,chathls,1499.0,4411.0,final,0.3398322375878486,,,,
batch_parallel_chathls_fd_rag2_ns_20260717_091157_rag2_ns,c2hls-chathls-benches,Devstral,RAG2+noskills,matmul,matmul,chathls,34963.0,34974.0,final,0.9996854806427632,,,,
batch_parallel_chathls_fd_rag2_ns_20260717_091157_rag2_ns,c2hls-chathls-benches,Devstral,RAG2+noskills,mvt,mvt,chathls,14327.0,8868.0,final,1.6155841226883176,,,,
batch_parallel_chathls_fd_rag2_ns_20260717_091157_rag2_ns,c2hls-chathls-benches,Devstral,RAG2+noskills,symm,symm,chathls,37430401.0,24552001.0,final,1.524535658010115,,,,
batch_parallel_chathls_fd_rag2_ns_20260717_091157_rag2_ns,c2hls-chathls-benches,Devstral,RAG2+noskills,syr2k,syr2k,chathls,1952641.0,56952.0,final,34.285731844360164,,,,
batch_parallel_chathls_fd_rag2_ns_20260717_091157_rag2_ns,c2hls-chathls-benches,Devstral,RAG2+noskills,syrk,syrk,chathls,1183841.0,407033.0,final,2.908464424260441,,,,
batch_parallel_chathls_fd_rag_ns_20260716_chathls_rag_ns,c2hls-chathls-benches,Devstral,scrape/RAG1+noskills,atax,atax,chathls,236250.0,1854.0,final,127.42718446601941,,,,
batch_parallel_chathls_fd_rag_ns_20260716_chathls_rag_ns,c2hls-chathls-benches,Devstral,scrape/RAG1+noskills,bicg,bicg,chathls,234516.0,1957.0,final,119.83444047010731,,,,
batch_parallel_chathls_fd_rag_ns_20260716_chathls_rag_ns,c2hls-chathls-benches,Devstral,scrape/RAG1+noskills,covariance,covariance,chathls,233415.0,5269.0,final,44.29967735813247,,,,
batch_parallel_chathls_fd_rag_ns_20260716_chathls_rag_ns,c2hls-chathls-benches,Devstral,scrape/RAG1+noskills,gemm,gemm,chathls,2871462.0,2026.0,final,1417.3060217176703,,,,
batch_parallel_chathls_fd_rag_ns_20260716_chathls_rag_ns,c2hls-chathls-benches,Devstral,scrape/RAG1+noskills,gemm_blocked,gemm_blocked,chathls,901125.0,4895873.0,final,0.1840580832059982,,,,
batch_parallel_chathls_fd_rag_ns_20260716_chathls_rag_ns,c2hls-chathls-benches,Devstral,scrape/RAG1+noskills,gemm_ncubed,gemm_ncubed,chathls,295512.0,262887.0,final,1.1241027513722626,,,,
batch_parallel_chathls_fd_rag_ns_20260716_chathls_rag_ns,c2hls-chathls-benches,Devstral,scrape/RAG1+noskills,gesummv,gesummv,chathls,1499.0,175441.0,final,0.008544182944693657,,,,
batch_parallel_chathls_fd_rag_ns_20260716_chathls_rag_ns,c2hls-chathls-benches,Devstral,scrape/RAG1+noskills,matmul,matmul,chathls,34963.0,2201.0,final,15.885052248977738,,,,
batch_parallel_chathls_fd_rag_ns_20260716_chathls_rag_ns,c2hls-chathls-benches,Devstral,scrape/RAG1+noskills,mvt,mvt,chathls,14327.0,120058.0,final,0.1193339885721901,,,,
batch_parallel_chathls_fd_rag_ns_20260716_chathls_rag_ns2,c2hls-chathls-benches,Devstral,scrape/RAG1+noskills,2mm,2mm,chathls,25296077.0,2970002.0,final,8.517191907614878,,,,
batch_parallel_chathls_fd_rag_ns_20260716_chathls_rag_ns2,c2hls-chathls-benches,Devstral,scrape/RAG1+noskills,3mm,3mm,chathls,45441119.0,2100309.0,final,21.635444594104964,,,,
batch_parallel_chathls_fd_rag_ns_20260716_chathls_rag_ns2,c2hls-chathls-benches,Devstral,scrape/RAG1+noskills,atax,atax,chathls,236250.0,5552.0,final,42.55223342939481,,,,
batch_parallel_chathls_fd_rag_ns_20260716_chathls_rag_ns2,c2hls-chathls-benches,Devstral,scrape/RAG1+noskills,bicg,bicg,chathls,234516.0,236162.0,final,0.9930302080775061,,,,
batch_parallel_chathls_fd_rag_ns_20260716_chathls_rag_ns2,c2hls-chathls-benches,Devstral,scrape/RAG1+noskills,covariance,covariance,chathls,233415.0,3491.0,final,66.86193067888857,,,,
batch_parallel_chathls_fd_rag_ns_20260716_chathls_rag_ns2,c2hls-chathls-benches,Devstral,scrape/RAG1+noskills,gemm,gemm,chathls,2871462.0,16407.0,final,175.0144450539404,,,,
batch_parallel_chathls_fd_rag_ns_20260716_chathls_rag_ns2,c2hls-chathls-benches,Devstral,scrape/RAG1+noskills,gemm_blocked,gemm_blocked,chathls,901125.0,848833.0,final,1.061604579463805,,,,
batch_parallel_chathls_fd_rag_ns_20260716_chathls_rag_ns2,c2hls-chathls-benches,Devstral,scrape/RAG1+noskills,gemm_ncubed,gemm_ncubed,chathls,295512.0,656012.0,final,0.4504673694993384,,,,
batch_parallel_chathls_fd_rag_ns_20260716_chathls_rag_ns2,c2hls-chathls-benches,Devstral,scrape/RAG1+noskills,gesummv,gesummv,chathls,1499.0,9835.0,final,0.15241484494153534,,,,
batch_parallel_chathls_fd_rag_ns_20260716_chathls_rag_ns2,c2hls-chathls-benches,Devstral,scrape/RAG1+noskills,matmul,matmul,chathls,34963.0,34974.0,final,0.9996854806427632,,,,
batch_parallel_chathls_fd_rag_ns_20260716_chathls_rag_ns2,c2hls-chathls-benches,Devstral,scrape/RAG1+noskills,mvt,mvt,chathls,14327.0,5166.0,final,2.7733255903987613,,,,
batch_parallel_chathls_fd_rag_ns_20260716_chathls_rag_ns2,c2hls-chathls-benches,Devstral,scrape/RAG1+noskills,symm,symm,chathls,37430401.0,66528001.0,final,0.562626269200543,,,,
batch_parallel_chathls_fd_rag_ns_20260716_chathls_rag_ns2,c2hls-chathls-benches,Devstral,scrape/RAG1+noskills,syr2k,syr2k,chathls,1952641.0,56953.0,final,34.285129843906375,,,,
batch_parallel_chathls_fd_rag_ns_20260716_chathls_rag_ns2,c2hls-chathls-benches,Devstral,scrape/RAG1+noskills,syrk,syrk,chathls,1183841.0,407033.0,final,2.908464424260441,,,,
batch_parallel_chathls_fd_ds_rag2_20260719_095037_ds_ctrl,c2hls-control,DeepSeek,RAG2+skills,2mm,2mm,chathls,25296077.0,53034.0,final,476.978485499868,,,,
batch_parallel_chathls_fd_ds_rag2_20260719_095037_ds_ctrl,c2hls-control,DeepSeek,RAG2+skills,3mm,3mm,chathls,45441119.0,87544.0,final,519.0660582107283,,,,
batch_parallel_chathls_fd_ds_rag2_20260719_095037_ds_ctrl,c2hls-control,DeepSeek,RAG2+skills,atax,atax,chathls,236250.0,5552.0,final,42.55223342939481,,,,
batch_parallel_chathls_fd_ds_rag2_20260719_095037_ds_ctrl,c2hls-control,DeepSeek,RAG2+skills,bicg,bicg,chathls,234516.0,3393.0,final,69.11759504862952,,,,
batch_parallel_chathls_fd_ds_rag2_20260719_095037_ds_ctrl,c2hls-control,DeepSeek,RAG2+skills,covariance,covariance,chathls,233415.0,6345.0,final,36.787234042553195,,,,
batch_parallel_chathls_fd_ds_rag2_20260719_095037_ds_ctrl,c2hls-control,DeepSeek,RAG2+skills,gemm,gemm,chathls,2871462.0,16414.0,final,174.9398074814183,,,,
batch_parallel_chathls_fd_ds_rag2_20260719_095037_ds_ctrl,c2hls-control,DeepSeek,RAG2+skills,gemm_blocked,gemm_blocked,chathls,901125.0,1319077.0,final,0.6831481407074795,,,,
batch_parallel_chathls_fd_ds_rag2_20260719_095037_ds_ctrl,c2hls-control,DeepSeek,RAG2+skills,gemm_ncubed,gemm_ncubed,chathls,295512.0,46296.0,final,6.383100051840332,,,,
batch_parallel_chathls_fd_ds_rag2_20260719_095037_ds_ctrl,c2hls-control,DeepSeek,RAG2+skills,gesummv,gesummv,chathls,1499.0,1148.0,final,1.3057491289198606,,,,
batch_parallel_chathls_fd_ds_rag2_20260719_095037_ds_ctrl,c2hls-control,DeepSeek,RAG2+skills,matmul,matmul,chathls,34963.0,1309.0,final,26.709702062643238,,,,
batch_parallel_chathls_fd_ds_rag2_20260719_095037_ds_ctrl,c2hls-control,DeepSeek,RAG2+skills,mvt,mvt,chathls,14327.0,1876.0,final,7.636993603411514,,,,
batch_parallel_chathls_fd_ds_rag2_20260719_095037_ds_ctrl,c2hls-control,DeepSeek,RAG2+skills,symm,symm,chathls,37430401.0,66528001.0,final,0.562626269200543,,,,
batch_parallel_chathls_fd_ds_rag2_20260719_095037_ds_ctrl,c2hls-control,DeepSeek,RAG2+skills,syr2k,syr2k,chathls,1952641.0,1363675.0,final,1.43189616294205,,,,
batch_parallel_chathls_fd_ds_rag2_20260719_095037_ds_ctrl,c2hls-control,DeepSeek,RAG2+skills,syrk,syrk,chathls,1183841.0,1362955.0,final,0.8685840691732303,,,,
batch_parallel_hlsfactory_ds_rag2_20260718_100518,c2hls-hlsfactory-port,DeepSeek,RAG2+skills,covariance,covariance,chathls,233415.0,599039.0,final,0.389649087955876,64703715.0,,,
batch_parallel_hlsfactory_ds_rag2_20260718_100518,c2hls-hlsfactory-port,DeepSeek,RAG2+skills,doitgen,doitgen,chathls,318477.0,2014153.0,final,0.15811956688493872,316890.0,,,
batch_parallel_hlsfactory_ds_rag2_20260718_100518,c2hls-hlsfactory-port,DeepSeek,RAG2+skills,durbin,durbin,chathls,123546.0,78207.0,final,1.579730714641912,174651.0,,,
batch_parallel_hlsfactory_ds_rag2_20260718_100518,c2hls-hlsfactory-port,DeepSeek,RAG2+skills,floyd-warshall,floyd-warshall,chathls,833976005.0,6156515.0,final,135.46235248350732,921456043.0,,,
batch_parallel_hlsfactory_ds_rag2_20260718_100518,c2hls-hlsfactory-port,DeepSeek,RAG2+skills,gemm,gemm,chathls,2871462.0,96373.0,final,29.795295362809085,57562592.0,,,
batch_parallel_hlsfactory_ds_rag2_20260718_100518,c2hls-hlsfactory-port,DeepSeek,RAG2+skills,gemver,gemver,chathls,2547303.0,158742.0,final,16.046811807839134,2763356.0,,,
batch_parallel_hlsfactory_ds_rag2_20260718_100518,c2hls-hlsfactory-port,DeepSeek,RAG2+skills,lu,lu,chathls,134372041.0,3925833.0,final,34.227650794111725,96883182.0,,,
batch_parallel_hlsfactory_ds_rag2_20260718_100518,c2hls-hlsfactory-port,DeepSeek,RAG2+skills,ludcmp,ludcmp,chathls,10039394.0,,,,9255625.0,,,
batch_parallel_hlsfactory_ds_rag2_20260718_100518,c2hls-hlsfactory-port,DeepSeek,RAG2+skills,syrk,syrk,chathls,1183841.0,408020.0,final,2.901428851526886,33658995.0,,,
batch_parallel_hlsfactory_ds_rag2_20260718_100518,c2hls-hlsfactory-port,DeepSeek,RAG2+skills,trisolv,trisolv,chathls,89232.0,110911.0,final,0.804536971084924,1240263.0,,,
batch_parallel_hlsfactory_ds_rag2_20260718_100518,c2hls-hlsfactory-port,DeepSeek,RAG2+skills,trmm,trmm,chathls,22593601.0,1872048.0,final,12.068921843884345,24424866.0,,,
batch_parallel_chathls_fd_ds_rag2_lat_20260719_095037_ds_lat,c2hls-latency-opt,DeepSeek,RAG2+skills,2mm,2mm,chathls,25296077.0,53034.0,final,476.978485499868,,,,
batch_parallel_chathls_fd_ds_rag2_lat_20260719_095037_ds_lat,c2hls-latency-opt,DeepSeek,RAG2+skills,3mm,3mm,chathls,45441119.0,2109291.0,final,21.54331431746497,,,,
batch_parallel_chathls_fd_ds_rag2_lat_20260719_095037_ds_lat,c2hls-latency-opt,DeepSeek,RAG2+skills,atax,atax,chathls,236250.0,1868.0,final,126.47216274089936,,,,
batch_parallel_chathls_fd_ds_rag2_lat_20260719_095037_ds_lat,c2hls-latency-opt,DeepSeek,RAG2+skills,bicg,bicg,chathls,234516.0,3893.0,final,60.24043154379656,,,,
batch_parallel_chathls_fd_ds_rag2_lat_20260719_095037_ds_lat,c2hls-latency-opt,DeepSeek,RAG2+skills,covariance,covariance,chathls,233415.0,43620.0,final,5.351100412654746,,,,
batch_parallel_chathls_fd_ds_rag2_lat_20260719_095037_ds_lat,c2hls-latency-opt,DeepSeek,RAG2+skills,gemm,gemm,chathls,2871462.0,2774.0,final,1035.1341023792359,,,,
batch_parallel_chathls_fd_ds_rag2_lat_20260719_095037_ds_lat,c2hls-latency-opt,DeepSeek,RAG2+skills,gemm_blocked,gemm_blocked,chathls,901125.0,172201.0,final,5.232983548295306,,,,
batch_parallel_chathls_fd_ds_rag2_lat_20260719_095037_ds_lat,c2hls-latency-opt,DeepSeek,RAG2+skills,gemm_ncubed,gemm_ncubed,chathls,295512.0,46296.0,final,6.383100051840332,,,,
batch_parallel_chathls_fd_ds_rag2_lat_20260719_095037_ds_lat,c2hls-latency-opt,DeepSeek,RAG2+skills,gesummv,gesummv,chathls,1499.0,1148.0,final,1.3057491289198606,,,,
batch_parallel_chathls_fd_ds_rag2_lat_20260719_095037_ds_lat,c2hls-latency-opt,DeepSeek,RAG2+skills,matmul,matmul,chathls,34963.0,3767.0,final,9.281391027342712,,,,
batch_parallel_chathls_fd_ds_rag2_lat_20260719_095037_ds_lat,c2hls-latency-opt,DeepSeek,RAG2+skills,mobilenet,mobilenet,chathls,,,final_over,,,,,
batch_parallel_chathls_fd_ds_rag2_lat_20260719_095037_ds_lat,c2hls-latency-opt,DeepSeek,RAG2+skills,mvt,mvt,chathls,14327.0,5007.0,final,2.861394048332335,,,,
batch_parallel_chathls_fd_ds_rag2_lat_20260719_095037_ds_lat,c2hls-latency-opt,DeepSeek,RAG2+skills,symm,symm,chathls,37430401.0,60272.0,final,621.0247046721529,,,,
batch_parallel_chathls_fd_ds_rag2_lat_20260719_095037_ds_lat,c2hls-latency-opt,DeepSeek,RAG2+skills,syr2k,syr2k,chathls,1952641.0,979993.0,final,1.9925050485054485,,,,
batch_parallel_chathls_fd_ds_rag2_lat_20260719_095037_ds_lat,c2hls-latency-opt,DeepSeek,RAG2+skills,syrk,syrk,chathls,1183841.0,979354.0,final,1.208797840208954,,,,
batch_parallel_chathls_fd_ds_rag2_lat_20260719_095037_ds_lat,c2hls-latency-opt,DeepSeek,RAG2+skills,transformer,transformer,chathls,73953.0,26587.0,final,2.781547372776169,,,,
batch_parallel_machsuite_ds_rag2_20260718_100518,c2hls-machsuite-port,DeepSeek,RAG2+skills,aes_tableless,aes_tableless,chathls,146890.0,13041.0,final,11.263706770953148,,,,
batch_parallel_machsuite_ds_rag2_20260718_100518,c2hls-machsuite-port,DeepSeek,RAG2+skills,backprop,backprop,chathls,279873283.0,3986195.0,final,70.21063520475039,,,,
batch_parallel_machsuite_ds_rag2_20260718_100518,c2hls-machsuite-port,DeepSeek,RAG2+skills,bfs_bulk,bfs_bulk,chathls,14652591.0,115040.0,final,127.36953233657859,,,,
batch_parallel_machsuite_ds_rag2_20260718_100518,c2hls-machsuite-port,DeepSeek,RAG2+skills,bfs_queue,bfs_queue,chathls,4406344.0,71960.0,final,61.23324068927182,,,,
batch_parallel_machsuite_ds_rag2_20260718_100518,c2hls-machsuite-port,DeepSeek,RAG2+skills,fft_transpose,fft_transpose,chathls,26433.0,2092.0,final,12.635277246653919,,,,
batch_parallel_machsuite_ds_rag2_20260718_100518,c2hls-machsuite-port,DeepSeek,RAG2+skills,gemm_ncubed,gemm_ncubed,chathls,295512.0,10571928.0,final,0.027952517270265178,,,,
batch_parallel_machsuite_ds_rag2_20260718_100518,c2hls-machsuite-port,DeepSeek,RAG2+skills,md_knn,md_knn,chathls,13748.0,58257.0,final,0.2359888082118887,,,,
batch_parallel_machsuite_ds_rag2_20260718_100518,c2hls-machsuite-port,DeepSeek,RAG2+skills,sort_merge,sort_merge,chathls,48705559.0,34810029.0,final,1.3991817990154505,,,,
batch_parallel_machsuite_ds_rag2_20260718_100518,c2hls-machsuite-port,DeepSeek,RAG2+skills,spmv_ellpack,spmv_ellpack,chathls,270219.0,6172.0,final,43.781432274789374,,,,
batch_parallel_machsuite_ds_rag2_20260718_100518,c2hls-machsuite-port,DeepSeek,RAG2+skills,stencil2D,stencil2D,chathls,140762.0,21338.0,final,6.596775705314463,,,,
batch_parallel_machsuite_ds_rag2_20260718_100518,c2hls-machsuite-port,DeepSeek,RAG2+skills,stencil3D,stencil3D,chathls,90919.0,47478.0,final,1.914971144530098,,,,
batch_parallel_machsuite_ds_rag2_20260718_100518,c2hls-machsuite-port,DeepSeek,RAG2+skills,viterbi,viterbi,chathls,636989.0,881909.0,final,0.7222842719600322,,,,
batch_parallel_machsuite_fd_20260710_machsuite_flash_dataflow,c2hls-machsuite-port,Devstral,base/unknown,aes_tableless,aes_tableless,chathls,146890.0,23048.0,final,6.373221103783409,171630.0,,,
batch_parallel_machsuite_fd_20260710_machsuite_flash_dataflow,c2hls-machsuite-port,Devstral,base/unknown,bfs_bulk,bfs_bulk,chathls,14652591.0,214782.0,final,68.220758722798,5401087.0,,,
batch_parallel_machsuite_fd_20260710_machsuite_flash_dataflow,c2hls-machsuite-port,Devstral,base/unknown,bfs_queue,bfs_queue,chathls,4406344.0,66072.0,final,66.69003511320983,8052263.0,,,
batch_parallel_machsuite_fd_20260710_machsuite_flash_dataflow,c2hls-machsuite-port,Devstral,base/unknown,fft_transpose,fft_transpose,chathls,26433.0,21918.0,final,1.2059950725431152,19819.0,,,
batch_parallel_machsuite_fd_20260710_machsuite_flash_dataflow,c2hls-machsuite-port,Devstral,base/unknown,gemm_ncubed,gemm_ncubed,chathls,295512.0,35672.0,final,8.28414442700157,1309104.0,,,
batch_parallel_machsuite_fd_20260710_machsuite_flash_dataflow,c2hls-machsuite-port,Devstral,base/unknown,md_knn,md_knn,chathls,13748.0,4675.0,final,2.9407486631016044,59495.0,,,
batch_parallel_machsuite_fd_20260710_machsuite_flash_dataflow,c2hls-machsuite-port,Devstral,base/unknown,sort_radix,sort_radix,chathls,19274417.0,18557825.0,final,1.0386140078376642,20745785.0,,,
batch_parallel_machsuite_fd_20260710_machsuite_flash_dataflow,c2hls-machsuite-port,Devstral,base/unknown,spmv_ellpack,spmv_ellpack,chathls,270219.0,12295.0,final,21.977958519723465,281165.0,,,
batch_parallel_machsuite_fd_20260710_machsuite_flash_dataflow,c2hls-machsuite-port,Devstral,base/unknown,stencil2D,stencil2D,chathls,140762.0,37078.0,final,3.796375209018825,624186.0,,,
batch_parallel_machsuite_fd_20260710_machsuite_flash_dataflow,c2hls-machsuite-port,Devstral,base/unknown,stencil3D,stencil3D,chathls,90919.0,47472.0,final,1.9152131782945736,401310.0,,,
batch_parallel_chathls_fd_ds_rag2_xfmr_20260720_070124,c2hls-transformer,DeepSeek,RAG2+skills,transformer,transformer,chathls,73953.0,,final_over,,,,,
hybrid-u280-c2hlsport-20260719-090238,chathls-c2hlsport,DeepSeek,ChatHLS on c2hls-port benches,2mm,2mm,chathls,25296077.0,7582.0,final,3336.3330255869164,,,,
hybrid-u280-c2hlsport-20260719-090238,chathls-c2hlsport,DeepSeek,ChatHLS on c2hls-port benches,3mm,3mm,chathls,45441119.0,,final_over,,,,,
hybrid-u280-c2hlsport-20260719-090238,chathls-c2hlsport,DeepSeek,ChatHLS on c2hls-port benches,aes_table,aes_table,chathls,134242.0,,,,,,,
hybrid-u280-c2hlsport-20260719-090238,chathls-c2hlsport,DeepSeek,ChatHLS on c2hls-port benches,aes_tableless,aes_tableless,chathls,146890.0,,,,,,,
hybrid-u280-c2hlsport-20260719-090238,chathls-c2hlsport,DeepSeek,ChatHLS on c2hls-port benches,atax,atax,chathls,236250.0,8372.0,final,28.2190635451505,,,,
hybrid-u280-c2hlsport-20260719-090238,chathls-c2hlsport,DeepSeek,ChatHLS on c2hls-port benches,backprop,backprop,chathls,279873283.0,,,,,,,
hybrid-u280-c2hlsport-20260719-090238,chathls-c2hlsport,DeepSeek,ChatHLS on c2hls-port benches,bfs_queue,bfs_queue,chathls,4406344.0,61697.0,final,71.4190965525066,,,,
hybrid-u280-c2hlsport-20260719-090238,chathls-c2hlsport,DeepSeek,ChatHLS on c2hls-port benches,bicg,bicg,chathls,234516.0,8253.0,final,28.415848782260998,,,,
hybrid-u280-c2hlsport-20260719-090238,chathls-c2hlsport,DeepSeek,ChatHLS on c2hls-port benches,cholesky,cholesky,chathls,,2517721.0,final,,,,,
hybrid-u280-c2hlsport-20260719-090238,chathls-c2hlsport,DeepSeek,ChatHLS on c2hls-port benches,correlation,correlation,chathls,,2592310.0,final,,,,,
hybrid-u280-c2hlsport-20260719-090238,chathls-c2hlsport,DeepSeek,ChatHLS on c2hls-port benches,covariance,covariance,chathls,233415.0,2717952.0,final,0.08587900007064142,,,,
hybrid-u280-c2hlsport-20260719-090238,chathls-c2hlsport,DeepSeek,ChatHLS on c2hls-port benches,doitgen,doitgen,chathls,318477.0,486.0,final,655.3024691358024,,,,
hybrid-u280-c2hlsport-20260719-090238,chathls-c2hlsport,DeepSeek,ChatHLS on c2hls-port benches,durbin,durbin,chathls,123546.0,61050.0,final,2.0236855036855035,,,,
hybrid-u280-c2hlsport-20260719-090238,chathls-c2hlsport,DeepSeek,ChatHLS on c2hls-port benches,fdtd-2d,fdtd-2d,chathls,,647841.0,final,,,,,
hybrid-u280-c2hlsport-20260719-090238,chathls-c2hlsport,DeepSeek,ChatHLS on c2hls-port benches,fft_transpose,fft_transpose,chathls,26433.0,,,,,,,
hybrid-u280-c2hlsport-20260719-090238,chathls-c2hlsport,DeepSeek,ChatHLS on c2hls-port benches,floyd-warshall,floyd-warshall,chathls,833976005.0,11664005.0,final,71.49996977881953,,,,
hybrid-u280-c2hlsport-20260719-090238,chathls-c2hlsport,DeepSeek,ChatHLS on c2hls-port benches,gemm,gemm,chathls,2871462.0,342901.0,final,8.374026322466252,,,,
hybrid-u280-c2hlsport-20260719-090238,chathls-c2hlsport,DeepSeek,ChatHLS on c2hls-port benches,gemm_blocked,gemm_blocked,chathls,901125.0,2097166.0,final,0.42968701571549417,,,,
hybrid-u280-c2hlsport-20260719-090238,chathls-c2hlsport,DeepSeek,ChatHLS on c2hls-port benches,gemm_ncubed,gemm_ncubed,chathls,295512.0,4627.0,final,63.86686838124054,,,,
hybrid-u280-c2hlsport-20260719-090238,chathls-c2hlsport,DeepSeek,ChatHLS on c2hls-port benches,gemver,gemver,chathls,2547303.0,30916.0,final,82.39432656229783,,,,
hybrid-u280-c2hlsport-20260719-090238,chathls-c2hlsport,DeepSeek,ChatHLS on c2hls-port benches,gesummv,gesummv,chathls,1499.0,4801.0,final,0.3122266194542804,,,,
hybrid-u280-c2hlsport-20260719-090238,chathls-c2hlsport,DeepSeek,ChatHLS on c2hls-port benches,gramschmidt,gramschmidt,chathls,,1312361.0,final,,,,,
hybrid-u280-c2hlsport-20260719-090238,chathls-c2hlsport,DeepSeek,ChatHLS on c2hls-port benches,heat-3d,heat-3d,chathls,,1871281.0,final,,,,,
hybrid-u280-c2hlsport-20260719-090238,chathls-c2hlsport,DeepSeek,ChatHLS on c2hls-port benches,jacobi-1d,jacobi-1d,chathls,,1406.0,final,,,,,
hybrid-u280-c2hlsport-20260719-090238,chathls-c2hlsport,DeepSeek,ChatHLS on c2hls-port benches,jacobi-2d,jacobi-2d,chathls,,1552841.0,final,,,,,
hybrid-u280-c2hlsport-20260719-090238,chathls-c2hlsport,DeepSeek,ChatHLS on c2hls-port benches,lu,lu,chathls,134372041.0,10735441.0,final,12.516676399227569,,,,
hybrid-u280-c2hlsport-20260719-090238,chathls-c2hlsport,DeepSeek,ChatHLS on c2hls-port benches,ludcmp,ludcmp,chathls,10039394.0,15563643.0,final,0.6450542459757012,,,,
hybrid-u280-c2hlsport-20260719-090238,chathls-c2hlsport,DeepSeek,ChatHLS on c2hls-port benches,md_grid,md_grid,chathls,,,,,,,,
hybrid-u280-c2hlsport-20260719-090238,chathls-c2hlsport,DeepSeek,ChatHLS on c2hls-port benches,md_knn,md_knn,chathls,13748.0,,,,,,,
hybrid-u280-c2hlsport-20260719-090238,chathls-c2hlsport,DeepSeek,ChatHLS on c2hls-port benches,mvt,mvt,chathls,14327.0,16295.0,final,0.8792267566738263,,,,
hybrid-u280-c2hlsport-20260719-090238,chathls-c2hlsport,DeepSeek,ChatHLS on c2hls-port benches,nussinov,nussinov,chathls,,4502161.0,final,,,,,
hybrid-u280-c2hlsport-20260719-090238,chathls-c2hlsport,DeepSeek,ChatHLS on c2hls-port benches,seidel-2d,seidel-2d,chathls,,45670739.0,final,,,,,
hybrid-u280-c2hlsport-20260719-090238,chathls-c2hlsport,DeepSeek,ChatHLS on c2hls-port benches,sort_radix,sort_radix,chathls,19274417.0,280817.0,final,68.63693081259325,,,,
hybrid-u280-c2hlsport-20260719-090238,chathls-c2hlsport,DeepSeek,ChatHLS on c2hls-port benches,spmv_ellpack,spmv_ellpack,chathls,270219.0,2559.0,final,105.5955451348183,,,,
hybrid-u280-c2hlsport-20260719-090238,chathls-c2hlsport,DeepSeek,ChatHLS on c2hls-port benches,stencil2D,stencil2D,chathls,140762.0,12108.0,final,11.625536835150314,,,,
hybrid-u280-c2hlsport-20260719-090238,chathls-c2hlsport,DeepSeek,ChatHLS on c2hls-port benches,stencil3D,stencil3D,chathls,90919.0,22793.0,final,3.9889001009081735,,,,
hybrid-u280-c2hlsport-20260719-090238,chathls-c2hlsport,DeepSeek,ChatHLS on c2hls-port benches,symm,symm,chathls,37430401.0,908581.0,final,41.19654824391001,,,,
hybrid-u280-c2hlsport-20260719-090238,chathls-c2hlsport,DeepSeek,ChatHLS on c2hls-port benches,syr2k,syr2k,chathls,1952641.0,392961.0,final,4.969045274212963,,,,
hybrid-u280-c2hlsport-20260719-090238,chathls-c2hlsport,DeepSeek,ChatHLS on c2hls-port benches,syrk,syrk,chathls,1183841.0,3931361.0,final,0.3011275230130227,,,,
hybrid-u280-c2hlsport-20260719-090238,chathls-c2hlsport,DeepSeek,ChatHLS on c2hls-port benches,trisolv,trisolv,chathls,89232.0,138961.0,final,0.6421370024683184,,,,
hybrid-u280-c2hlsport-20260719-090238,chathls-c2hlsport,DeepSeek,ChatHLS on c2hls-port benches,trmm,trmm,chathls,22593601.0,2846401.0,final,7.937602958964671,,,,
hybrid-u280-c2hlsport-20260719-090238,chathls-c2hlsport,DeepSeek,ChatHLS on c2hls-port benches,viterbi,viterbi,chathls,636989.0,4308.0,final,147.86188486536676,,,,
hybrid-u280-split-20260717-001649,chathls-native,DeepSeek,ChatHLS hybrid agent,2mm,2mm,chathls,25296077.0,7582.0,final,3336.3330255869164,,38695.0,final,653.7298617392428
hybrid-u280-split-20260717-001649,chathls-native,DeepSeek,ChatHLS hybrid agent,3mm,3mm,chathls,45441119.0,,final_over,,,,,
hybrid-u280-split-20260717-001649,chathls-native,DeepSeek,ChatHLS hybrid agent,atax,atax,chathls,236250.0,915.0,final,258.1967213114754,,1265.0,final,186.7588932806324
hybrid-u280-split-20260717-001649,chathls-native,DeepSeek,ChatHLS hybrid agent,bicg,bicg,chathls,234516.0,843.0,final,278.19217081850536,,4113.0,final,57.018234865062
hybrid-u280-split-20260717-001649,chathls-native,DeepSeek,ChatHLS hybrid agent,covariance,covariance,chathls,233415.0,10750.0,final,21.713023255813955,,74630.0,final,3.127629639555139
hybrid-u280-split-20260717-001649,chathls-native,DeepSeek,ChatHLS hybrid agent,gemm,gemm,chathls,2871462.0,902.0,final,3183.439024390244,,,,
hybrid-u280-split-20260717-001649,chathls-native,DeepSeek,ChatHLS hybrid agent,gemm_blocked,gemm_blocked,chathls,901125.0,2097166.0,final,0.42968701571549417,,1187910.0,final,0.7585801954693537
hybrid-u280-split-20260717-001649,chathls-native,DeepSeek,ChatHLS hybrid agent,gemm_ncubed,gemm_ncubed,chathls,295512.0,4627.0,final,63.86686838124054,,,,
hybrid-u280-split-20260717-001649,chathls-native,DeepSeek,ChatHLS hybrid agent,gesummv,gesummv,chathls,1499.0,482.0,final,3.1099585062240664,,4339.0,final,0.345471306752708
hybrid-u280-split-20260717-001649,chathls-native,DeepSeek,ChatHLS hybrid agent,matmul,matmul,chathls,34963.0,,final_over,,,,,
hybrid-u280-split-20260717-001649,chathls-native,DeepSeek,ChatHLS hybrid agent,mobilenet,mobilenet,chathls,149.0,,,,,,,
hybrid-u280-split-20260717-001649,chathls-native,DeepSeek,ChatHLS hybrid agent,mvt,mvt,chathls,14327.0,1234.0,final,11.610210696920584,,2979.0,final,4.809331990600873
hybrid-u280-split-20260717-001649,chathls-native,DeepSeek,ChatHLS hybrid agent,symm,symm,chathls,37430401.0,311596.0,final,120.12478016405859,,,,
hybrid-u280-split-20260717-001649,chathls-native,DeepSeek,ChatHLS hybrid agent,syr2k,syr2k,chathls,1952641.0,394721.0,final,4.946889068481282,,5232710.0,final,0.3731605611623805
hybrid-u280-split-20260717-001649,chathls-native,DeepSeek,ChatHLS hybrid agent,syrk,syrk,chathls,1183841.0,388881.0,final,3.044224325693464,,,,
hybrid-u280-split-20260717-001649,chathls-native,DeepSeek,ChatHLS hybrid agent,transformer,transformer,chathls,73953.0,80676.0,final,0.9166666666666666,,,,
batch_parallel_autosa_20260708_autosa_nav_n_r3,c2hls-autosa-flash,Devstral,AutoSA flash (nav_n),autosa_dnn_ops,autosa_dnn_ops,autosa,347.0,1202.0,final,0.28868552412645593,,,,
batch_parallel_autosa_20260708_autosa_nav_n_r4,c2hls-autosa-flash,Devstral,AutoSA flash (nav_n),autosa_cnn,autosa_cnn,autosa,5066753.0,39562.0,final,128.0712046913705,,,,
batch_parallel_autosa_20260708_autosa_nav_n_r4,c2hls-autosa-flash,Devstral,AutoSA flash (nav_n),autosa_dnn_ops,autosa_dnn_ops,autosa,347.0,568.0,final,0.6109154929577465,,,,
batch_parallel_autosa_20260708_autosa_nav_n_r4,c2hls-autosa-flash,Devstral,AutoSA flash (nav_n),autosa_large_mm,autosa_large_mm,autosa,4007657544.0,,final_over,,,,,
batch_parallel_autosa_20260708_autosa_nav_n_r4,c2hls-autosa-flash,Devstral,AutoSA flash (nav_n),autosa_lu,autosa_lu,autosa,266273.0,190776.0,final,1.3957363609678366,,,,
batch_parallel_autosa_20260708_autosa_nav_n_r5,c2hls-autosa-flash,Devstral,AutoSA flash (nav_n),autosa_large_cnn,autosa_large_cnn,autosa,73987522712.0,65702461442.0,final,1.126099709024049,,,,
batch_parallel_autosa_20260708_autosa_nav_n_r5,c2hls-autosa-flash,Devstral,AutoSA flash (nav_n),autosa_large_mm_block_sparse,autosa_large_mm_block_sparse,autosa,167503724616.0,115171585.0,final,1454.3841227504163,,,,
batch_parallel_autosa_20260708_autosa_nav_n_r5,c2hls-autosa-flash,Devstral,AutoSA flash (nav_n),autosa_large_mm_int16,autosa_large_mm_int16,autosa,157840048200.0,72638753.0,final,2172.9454551622052,,,,
batch_parallel_autosa_20260708_autosa_nav_n_r5,c2hls-autosa-flash,Devstral,AutoSA flash (nav_n),autosa_large_mm_int8,autosa_large_mm_int8,autosa,162772549704.0,47064139.0,final,3458.5260277256957,,,,
batch_parallel_autosa_20260708_autosa_nav_n_r5,c2hls-autosa-flash,Devstral,AutoSA flash (nav_n),autosa_large_mm_intel,autosa_large_mm_intel,autosa,170120970312.0,909572995.0,final,187.03388430304045,,,,
batch_parallel_autosa_20260708_autosa_nav_n_r5,c2hls-autosa-flash,Devstral,AutoSA flash (nav_n),autosa_large_mttkrp,autosa_large_mttkrp,autosa,907580276809.0,39460012184.0,final,22.999999913253955,,,,
batch_parallel_autosa_20260708_autosa_nav_n_r5,c2hls-autosa-flash,Devstral,AutoSA flash (nav_n),autosa_large_ttm,autosa_large_ttm,autosa,34931736577.0,,final_over,,,,,
batch_parallel_autosa_20260708_autosa_nav_n_r5,c2hls-autosa-flash,Devstral,AutoSA flash (nav_n),autosa_large_ttmc,autosa_large_ttmc,autosa,,206640775242.0,final,,,,,
batch_parallel_autosa_20260708_autosa_nav_n_r5,c2hls-autosa-flash,Devstral,AutoSA flash (nav_n),autosa_mm_block_sparse,autosa_mm_block_sparse,autosa,33357.0,47908.0,final,0.6962720213743008,,,,
batch_parallel_autosa_20260708_autosa_nav_n_r5,c2hls-autosa-flash,Devstral,AutoSA flash (nav_n),autosa_mm_catapult,autosa_mm_catapult,autosa,32916.0,9425.0,final,3.4924137931034482,,,,
batch_parallel_autosa_20260708_autosa_nav_n_r5,c2hls-autosa-flash,Devstral,AutoSA flash (nav_n),autosa_mm_getting_started,autosa_mm_getting_started,autosa,33357.0,43736.0,final,0.7626897750137187,,,,
batch_parallel_autosa_20260708_autosa_nav_n_r5,c2hls-autosa-flash,Devstral,AutoSA flash (nav_n),autosa_mm_hbm,autosa_mm_hbm,autosa,33357.0,43736.0,final,0.7626897750137187,,,,
batch_parallel_autosa_20260708_autosa_nav_n_r5,c2hls-autosa-flash,Devstral,AutoSA flash (nav_n),autosa_mm_hcl,autosa_mm_hcl,autosa,33357.0,42195.0,final,0.7905439033060789,,,,
batch_parallel_autosa_20260708_autosa_nav_n_r5,c2hls-autosa-flash,Devstral,AutoSA flash (nav_n),autosa_mm_hcl_intel,autosa_mm_hcl_intel,autosa,33357.0,43736.0,final,0.7626897750137187,,,,
batch_parallel_autosa_20260708_autosa_nav_n_r5,c2hls-autosa-flash,Devstral,AutoSA flash (nav_n),autosa_mm_int16,autosa_mm_int16,autosa,16533.0,15000.0,final,1.1022,,,,
batch_parallel_autosa_20260708_autosa_nav_n_r5,c2hls-autosa-flash,Devstral,AutoSA flash (nav_n),autosa_mm_intel,autosa_mm_intel,autosa,33357.0,41943.0,final,0.7952936127601745,,,,
batch_parallel_autosa_dse_fd_20260712_212400_autosa_dse_fd_nocosim_cont,c2hls-autosa-dse-fd,Devstral,AutoSA-DSE flash+dataflow,autosa_cnn_rank1,autosa_cnn_rank1,autosa,18554.0,18554.0,final,1.0,,,,
batch_parallel_autosa_dse_fd_20260712_212400_autosa_dse_fd_nocosim_cont,c2hls-autosa-dse-fd,Devstral,AutoSA-DSE flash+dataflow,autosa_cnn_rank2,autosa_cnn_rank2,autosa,18554.0,18554.0,final,1.0,,,,
batch_parallel_autosa_dse_fd_20260712_212400_autosa_dse_fd_nocosim_cont,c2hls-autosa-dse-fd,Devstral,AutoSA-DSE flash+dataflow,autosa_cnn_rank3,autosa_cnn_rank3,autosa,18554.0,18554.0,final,1.0,,,,
batch_parallel_autosa_dse_fd_20260712_212400_autosa_dse_fd_nocosim_cont,c2hls-autosa-dse-fd,Devstral,AutoSA-DSE flash+dataflow,autosa_large_mm_intel_rank1,autosa_large_mm_intel_rank1,autosa,13631621.0,13631621.0,final,1.0,,,,
batch_parallel_autosa_dse_fd_20260712_212400_autosa_dse_fd_nocosim_cont,c2hls-autosa-dse-fd,Devstral,AutoSA-DSE flash+dataflow,autosa_large_mm_intel_rank2,autosa_large_mm_intel_rank2,autosa,27263098.0,27263098.0,final,1.0,,,,
batch_parallel_autosa_dse_fd_20260712_212400_autosa_dse_fd_nocosim_cont,c2hls-autosa-dse-fd,Devstral,AutoSA-DSE flash+dataflow,autosa_large_mm_intel_rank3,autosa_large_mm_intel_rank3,autosa,27263100.0,27263100.0,final,1.0,,,,
batch_parallel_autosa_dse_fd_20260712_212400_autosa_dse_fd_nocosim_cont,c2hls-autosa-dse-fd,Devstral,AutoSA-DSE flash+dataflow,autosa_large_mm_rank1,autosa_large_mm_rank1,autosa,524403.0,524403.0,final,1.0,,,,
batch_parallel_autosa_dse_fd_20260712_212400_autosa_dse_fd_nocosim_cont,c2hls-autosa-dse-fd,Devstral,AutoSA-DSE flash+dataflow,autosa_large_mm_rank2,autosa_large_mm_rank2,autosa,524386.0,524386.0,final,1.0,,,,
batch_parallel_autosa_dse_fd_20260712_212400_autosa_dse_fd_nocosim_cont,c2hls-autosa-dse-fd,Devstral,AutoSA-DSE flash+dataflow,autosa_large_mm_rank3,autosa_large_mm_rank3,autosa,524386.0,524386.0,final,1.0,,,,
batch_parallel_autosa_dse_fd_20260712_212400_autosa_dse_fd_nocosim_cont,c2hls-autosa-dse-fd,Devstral,AutoSA-DSE flash+dataflow,autosa_mm_catapult_rank1,autosa_mm_catapult_rank1,autosa,8286.0,8286.0,final,1.0,,,,
batch_parallel_autosa_dse_fd_20260712_212400_autosa_dse_fd_nocosim_cont,c2hls-autosa-dse-fd,Devstral,AutoSA-DSE flash+dataflow,autosa_mm_catapult_rank2,autosa_mm_catapult_rank2,autosa,5078.0,5078.0,final,1.0,,,,
batch_parallel_autosa_dse_fd_20260712_212400_autosa_dse_fd_nocosim_cont,c2hls-autosa-dse-fd,Devstral,AutoSA-DSE flash+dataflow,autosa_mm_catapult_rank3,autosa_mm_catapult_rank3,autosa,8285.0,8285.0,final,1.0,,,,
batch_parallel_autosa_dse_fd_20260712_212400_autosa_dse_fd_nocosim_cont,c2hls-autosa-dse-fd,Devstral,AutoSA-DSE flash+dataflow,autosa_mm_getting_started_rank1,autosa_mm_getting_started_rank1,autosa,2194.0,2194.0,final,1.0,,,,
batch_parallel_autosa_dse_fd_20260712_212400_autosa_dse_fd_nocosim_cont,c2hls-autosa-dse-fd,Devstral,AutoSA-DSE flash+dataflow,autosa_mm_getting_started_rank2,autosa_mm_getting_started_rank2,autosa,2254.0,2254.0,final,1.0,,,,
batch_parallel_autosa_dse_fd_20260712_212400_autosa_dse_fd_nocosim_cont,c2hls-autosa-dse-fd,Devstral,AutoSA-DSE flash+dataflow,autosa_mm_getting_started_rank3,autosa_mm_getting_started_rank3,autosa,4228.0,4228.0,final,1.0,,,,
batch_parallel_autosa_dse_fd_20260712_212400_autosa_dse_fd_nocosim_cont,c2hls-autosa-dse-fd,Devstral,AutoSA-DSE flash+dataflow,autosa_mm_hcl_intel_rank1,autosa_mm_hcl_intel_rank1,autosa,4226.0,4226.0,final,1.0,,,,
batch_parallel_autosa_dse_fd_20260712_212400_autosa_dse_fd_nocosim_cont,c2hls-autosa-dse-fd,Devstral,AutoSA-DSE flash+dataflow,autosa_mm_hcl_intel_rank3,autosa_mm_hcl_intel_rank3,autosa,4229.0,4229.0,final,1.0,,,,
batch_parallel_autosa_dse_fd_20260712_212400_autosa_dse_fd_nocosim_cont,c2hls-autosa-dse-fd,Devstral,AutoSA-DSE flash+dataflow,autosa_mm_hcl_rank1,autosa_mm_hcl_rank1,autosa,4230.0,4230.0,final,1.0,,,,
batch_parallel_autosa_dse_fd_20260712_212400_autosa_dse_fd_nocosim_cont,c2hls-autosa-dse-fd,Devstral,AutoSA-DSE flash+dataflow,autosa_mm_hcl_rank2,autosa_mm_hcl_rank2,autosa,4226.0,4226.0,final,1.0,,,,
batch_parallel_autosa_dse_fd_20260712_212400_autosa_dse_fd_nocosim_cont,c2hls-autosa-dse-fd,Devstral,AutoSA-DSE flash+dataflow,autosa_mm_hcl_rank3,autosa_mm_hcl_rank3,autosa,8309.0,8309.0,final,1.0,,,,
batch_parallel_autosa_dse_fd_20260712_212400_autosa_dse_fd_nocosim_cont,c2hls-autosa-dse-fd,Devstral,AutoSA-DSE flash+dataflow,autosa_mm_int16_rank1,autosa_mm_int16_rank1,autosa,4219.0,4219.0,final,1.0,,,,
batch_parallel_autosa_dse_fd_20260712_212400_autosa_dse_fd_nocosim_cont,c2hls-autosa-dse-fd,Devstral,AutoSA-DSE flash+dataflow,autosa_mm_int16_rank2,autosa_mm_int16_rank2,autosa,8287.0,8287.0,final,1.0,,,,
batch_parallel_autosa_dse_fd_20260712_212400_autosa_dse_fd_nocosim_cont,c2hls-autosa-dse-fd,Devstral,AutoSA-DSE flash+dataflow,autosa_mm_int16_rank3,autosa_mm_int16_rank3,autosa,8287.0,8287.0,final,1.0,,,,
batch_parallel_autosa_dse_fd_20260712_212400_autosa_dse_fd_nocosim_cont,c2hls-autosa-dse-fd,Devstral,AutoSA-DSE flash+dataflow,autosa_mm_intel_rank1,autosa_mm_intel_rank1,autosa,4178.0,4178.0,final,1.0,,,,
batch_parallel_autosa_dse_fd_20260712_212400_autosa_dse_fd_nocosim_cont,c2hls-autosa-dse-fd,Devstral,AutoSA-DSE flash+dataflow,autosa_mm_intel_rank2,autosa_mm_intel_rank2,autosa,4208.0,4208.0,final,1.0,,,,
batch_parallel_autosa_dse_fd_20260712_212400_autosa_dse_fd_nocosim_cont,c2hls-autosa-dse-fd,Devstral,AutoSA-DSE flash+dataflow,autosa_mm_intel_rank3,autosa_mm_intel_rank3,autosa,8310.0,8310.0,final,1.0,,,,
batch_parallel_autosa_dse_fd_20260712_212400_autosa_dse_fd_nocosim_cont,c2hls-autosa-dse-fd,Devstral,AutoSA-DSE flash+dataflow,autosa_mm_rank1,autosa_mm_rank1,autosa,4228.0,4228.0,final,1.0,,,,
batch_parallel_autosa_dse_fd_20260712_212400_autosa_dse_fd_nocosim_cont,c2hls-autosa-dse-fd,Devstral,AutoSA-DSE flash+dataflow,autosa_mm_rank2,autosa_mm_rank2,autosa,4227.0,4227.0,final,1.0,,,,
batch_parallel_autosa_dse_fd_20260712_212400_autosa_dse_fd_nocosim_cont,c2hls-autosa-dse-fd,Devstral,AutoSA-DSE flash+dataflow,autosa_mm_rank3,autosa_mm_rank3,autosa,8309.0,8309.0,final,1.0,,,,
batch_parallel_autosa_dse_fd_20260713_091100_autosa_dse_fd_nocosim_plainseed,c2hls-autosa-dse-fd,Devstral,AutoSA-DSE flash+dataflow,autosa_mm_getting_started_rank3,autosa_mm_getting_started_rank3,autosa,4228.0,5282.0,final,0.8004543733434305,,,,
batch_parallel_autosa_dse_fd_20260713_224002_autosa_dse_fd_nocosim_plainseed_stream,c2hls-autosa-dse-fd,Devstral,AutoSA-DSE flash+dataflow,autosa_cnn_rank1,autosa_cnn_rank1,autosa,18554.0,561242.0,final,0.03305882311017351,,,,
batch_parallel_autosa_dse_fd_20260713_224002_autosa_dse_fd_nocosim_plainseed_stream,c2hls-autosa-dse-fd,Devstral,AutoSA-DSE flash+dataflow,autosa_cnn_rank2,autosa_cnn_rank2,autosa,18554.0,285836.0,final,0.06491134776585175,,,,
batch_parallel_autosa_dse_fd_20260713_224002_autosa_dse_fd_nocosim_plainseed_stream,c2hls-autosa-dse-fd,Devstral,AutoSA-DSE flash+dataflow,autosa_cnn_rank3,autosa_cnn_rank3,autosa,18554.0,285836.0,final,0.06491134776585175,,,,
batch_parallel_autosa_dse_fd_20260713_224002_autosa_dse_fd_nocosim_plainseed_stream,c2hls-autosa-dse-fd,Devstral,AutoSA-DSE flash+dataflow,autosa_large_mm_intel_rank2,autosa_large_mm_intel_rank2,autosa,27263098.0,1012751765.0,final,0.026919822746495042,,,,
batch_parallel_autosa_dse_fd_20260713_224002_autosa_dse_fd_nocosim_plainseed_stream,c2hls-autosa-dse-fd,Devstral,AutoSA-DSE flash+dataflow,autosa_large_mm_intel_rank3,autosa_large_mm_intel_rank3,autosa,27263100.0,464281318.0,final,0.05872107910230409,,,,
batch_parallel_autosa_dse_fd_20260713_224002_autosa_dse_fd_nocosim_plainseed_stream,c2hls-autosa-dse-fd,Devstral,AutoSA-DSE flash+dataflow,autosa_large_mm_rank1,autosa_large_mm_rank1,autosa,524403.0,25878718.0,final,0.020263870876447588,,,,
batch_parallel_autosa_dse_fd_20260713_224002_autosa_dse_fd_nocosim_plainseed_stream,c2hls-autosa-dse-fd,Devstral,AutoSA-DSE flash+dataflow,autosa_large_mm_rank2,autosa_large_mm_rank2,autosa,524386.0,11778266.0,final,0.04452149408070764,,,,
batch_parallel_autosa_dse_fd_20260713_224002_autosa_dse_fd_nocosim_plainseed_stream,c2hls-autosa-dse-fd,Devstral,AutoSA-DSE flash+dataflow,autosa_large_mm_rank3,autosa_large_mm_rank3,autosa,524386.0,12801207.0,final,0.04096379349228553,,,,
batch_parallel_autosa_dse_fd_20260713_224002_autosa_dse_fd_nocosim_plainseed_stream,c2hls-autosa-dse-fd,Devstral,AutoSA-DSE flash+dataflow,autosa_mm_catapult_rank1,autosa_mm_catapult_rank1,autosa,8286.0,8518.0,final,0.9727635595210143,,,,
batch_parallel_autosa_dse_fd_20260713_224002_autosa_dse_fd_nocosim_plainseed_stream,c2hls-autosa-dse-fd,Devstral,AutoSA-DSE flash+dataflow,autosa_mm_catapult_rank2,autosa_mm_catapult_rank2,autosa,5078.0,199399.0,final,0.02546652691337469,,,,
batch_parallel_autosa_dse_fd_20260713_224002_autosa_dse_fd_nocosim_plainseed_stream,c2hls-autosa-dse-fd,Devstral,AutoSA-DSE flash+dataflow,autosa_mm_catapult_rank3,autosa_mm_catapult_rank3,autosa,8285.0,152312.0,final,0.05439492620410736,,,,
batch_parallel_autosa_dse_fd_20260713_224002_autosa_dse_fd_nocosim_plainseed_stream,c2hls-autosa-dse-fd,Devstral,AutoSA-DSE flash+dataflow,autosa_mm_getting_started_rank1,autosa_mm_getting_started_rank1,autosa,2194.0,209808.0,final,0.010457179897811333,,,,
batch_parallel_autosa_dse_fd_20260713_224002_autosa_dse_fd_nocosim_plainseed_stream,c2hls-autosa-dse-fd,Devstral,AutoSA-DSE flash+dataflow,autosa_mm_getting_started_rank2,autosa_mm_getting_started_rank2,autosa,2254.0,211736.0,final,0.010645331922771754,,,,
batch_parallel_autosa_dse_fd_20260713_224002_autosa_dse_fd_nocosim_plainseed_stream,c2hls-autosa-dse-fd,Devstral,AutoSA-DSE flash+dataflow,autosa_mm_getting_started_rank3,autosa_mm_getting_started_rank3,autosa,4228.0,178136.0,final,0.0237346746306193,,,,
batch_parallel_autosa_dse_fd_20260713_224002_autosa_dse_fd_nocosim_plainseed_stream,c2hls-autosa-dse-fd,Devstral,AutoSA-DSE flash+dataflow,autosa_mm_hcl_intel_rank1,autosa_mm_hcl_intel_rank1,autosa,4226.0,180844.0,final,0.0233682068523147,,,,
batch_parallel_autosa_dse_fd_20260713_224002_autosa_dse_fd_nocosim_plainseed_stream,c2hls-autosa-dse-fd,Devstral,AutoSA-DSE flash+dataflow,autosa_mm_hcl_intel_rank3,autosa_mm_hcl_intel_rank3,autosa,4229.0,282732.0,final,0.014957627718121754,,,,
batch_parallel_autosa_dse_fd_20260713_224002_autosa_dse_fd_nocosim_plainseed_stream,c2hls-autosa-dse-fd,Devstral,AutoSA-DSE flash+dataflow,autosa_mm_hcl_rank1,autosa_mm_hcl_rank1,autosa,4230.0,257574.0,final,0.016422465000349416,,,,
batch_parallel_autosa_dse_fd_20260713_224002_autosa_dse_fd_nocosim_plainseed_stream,c2hls-autosa-dse-fd,Devstral,AutoSA-DSE flash+dataflow,autosa_mm_hcl_rank2,autosa_mm_hcl_rank2,autosa,4226.0,105410.0,final,0.04009107295323024,,,,
batch_parallel_autosa_dse_fd_20260713_224002_autosa_dse_fd_nocosim_plainseed_stream,c2hls-autosa-dse-fd,Devstral,AutoSA-DSE flash+dataflow,autosa_mm_hcl_rank3,autosa_mm_hcl_rank3,autosa,8309.0,243664.0,final,0.03410023639109593,,,,
batch_parallel_autosa_dse_fd_20260713_224002_autosa_dse_fd_nocosim_plainseed_stream,c2hls-autosa-dse-fd,Devstral,AutoSA-DSE flash+dataflow,autosa_mm_int16_rank1,autosa_mm_int16_rank1,autosa,4219.0,273198.0,final,0.0154430120279065,,,,
batch_parallel_autosa_dse_fd_20260713_224002_autosa_dse_fd_nocosim_plainseed_stream,c2hls-autosa-dse-fd,Devstral,AutoSA-DSE flash+dataflow,autosa_mm_int16_rank2,autosa_mm_int16_rank2,autosa,8287.0,192840.0,final,0.04297344949180668,,,,
batch_parallel_autosa_dse_fd_20260713_224002_autosa_dse_fd_nocosim_plainseed_stream,c2hls-autosa-dse-fd,Devstral,AutoSA-DSE flash+dataflow,autosa_mm_int16_rank3,autosa_mm_int16_rank3,autosa,8287.0,131285.0,final,0.06312221502837338,,,,
batch_parallel_autosa_dse_fd_20260713_224002_autosa_dse_fd_nocosim_plainseed_stream,c2hls-autosa-dse-fd,Devstral,AutoSA-DSE flash+dataflow,autosa_mm_intel_rank1,autosa_mm_intel_rank1,autosa,4178.0,65859.0,final,0.06343855813176635,,,,
batch_parallel_autosa_dse_fd_20260713_224002_autosa_dse_fd_nocosim_plainseed_stream,c2hls-autosa-dse-fd,Devstral,AutoSA-DSE flash+dataflow,autosa_mm_intel_rank2,autosa_mm_intel_rank2,autosa,4208.0,95939.0,final,0.043861203473040164,,,,
batch_parallel_autosa_dse_fd_20260713_224002_autosa_dse_fd_nocosim_plainseed_stream,c2hls-autosa-dse-fd,Devstral,AutoSA-DSE flash+dataflow,autosa_mm_intel_rank3,autosa_mm_intel_rank3,autosa,8310.0,119338.0,final,0.06963414838525868,,,,
batch_parallel_autosa_dse_fd_20260713_224002_autosa_dse_fd_nocosim_plainseed_stream,c2hls-autosa-dse-fd,Devstral,AutoSA-DSE flash+dataflow,autosa_mm_rank1,autosa_mm_rank1,autosa,4228.0,1146551.0,final,0.003687581276367122,,,,
batch_parallel_autosa_dse_fd_20260713_224002_autosa_dse_fd_nocosim_plainseed_stream,c2hls-autosa-dse-fd,Devstral,AutoSA-DSE flash+dataflow,autosa_mm_rank2,autosa_mm_rank2,autosa,4227.0,1164446.0,final,0.003630052402601752,,,,
batch_parallel_autosa_dse_fd_20260713_224002_autosa_dse_fd_nocosim_plainseed_stream,c2hls-autosa-dse-fd,Devstral,AutoSA-DSE flash+dataflow,autosa_mm_rank3,autosa_mm_rank3,autosa,8309.0,244259.0,final,0.034017170298740275,,,,
batch_parallel_complex_20260701_tier_a_bp_25,c2hls-tierA-complex,Devstral,Tier-A complex flash,spector_hls_dct,spector_hls_dct,spector_hls,229244929.0,124190721.0,final,1.8459102834260863,,,,
batch_parallel_complex_20260701_tier_a_bp_25,c2hls-tierA-complex,Devstral,Tier-A complex flash,spector_hls_histogram,spector_hls_histogram,spector_hls,1762.0,1626.0,final,1.083640836408364,,,,
batch_parallel_complex_20260702_bpcplx_r2,c2hls-tierA-complex,Devstral,Tier-A complex flash,forgebench_conv_A,forgebench_conv_A,forgebench,133088.0,198186.0,final,0.6715307842128102,,,,
batch_parallel_complex_20260702_bpcplx_r2,c2hls-tierA-complex,Devstral,Tier-A complex flash,forgebench_gpt_transformer_p1,forgebench_gpt_transformer_p1,forgebench,73978.0,44201.0,final,1.6736725413452185,,,,
batch_parallel_complex_20260702_bpcplx_r2,c2hls-tierA-complex,Devstral,Tier-A complex flash,forgebench_mlp,forgebench_mlp,forgebench,372981.0,812372.0,final,0.4591258684445057,,,,
batch_parallel_complex_20260702_bpcplx_r2,c2hls-tierA-complex,Devstral,Tier-A complex flash,forgebench_vec_mtx_p1,forgebench_vec_mtx_p1,forgebench,1399.0,424.0,final,3.2995283018867925,,,,
batch_parallel_complex_20260702_bpcplx_r2,c2hls-tierA-complex,Devstral,Tier-A complex flash,hp_fft_n1024__UF1,hp_fft_n1024__UF1,hp_fft,5811.0,4541.0,final,1.279674080598987,,,,
batch_parallel_complex_20260702_bpcplx_r2,c2hls-tierA-complex,Devstral,Tier-A complex flash,hp_fft_n256__UF1,hp_fft_n256__UF1,hp_fft,1293.0,1187.0,final,1.0893007582139849,,,,
batch_parallel_complex_20260702_bpcplx_r2,c2hls-tierA-complex,Devstral,Tier-A complex flash,spector_hls_dct,spector_hls_dct,spector_hls,229244929.0,106299393.0,final,2.1565967832008224,,,,
batch_parallel_complex_20260702_bpcplx_r2,c2hls-tierA-complex,Devstral,Tier-A complex flash,spector_hls_fir,spector_hls_fir,spector_hls,273177.0,155817.0,final,1.7531912435741928,,,,
batch_parallel_complex_20260702_bpcplx_r2,c2hls-tierA-complex,Devstral,Tier-A complex flash,spector_hls_histogram,spector_hls_histogram,spector_hls,1762.0,1761.0,final,1.0005678591709255,,,,
batch_parallel_complex_20260702_bpcplx_r2,c2hls-tierA-complex,Devstral,Tier-A complex flash,spector_hls_normals,spector_hls_normals,spector_hls,11770040.0,10331844.0,final,1.1392003208720534,,,,
batch_parallel_complex_20260702_bpcplx_r2,c2hls-tierA-complex,Devstral,Tier-A complex flash,spector_hls_sobel_filter_x,spector_hls_sobel_filter_x,spector_hls,,16540979.0,final,,,,,
batch_parallel_complex_20260702_bpcplx_r2,c2hls-tierA-complex,Devstral,Tier-A complex flash,spector_hls_sobel_filter_y,spector_hls_sobel_filter_y,spector_hls,,2100080.0,final,,,,,
batch_parallel_complex_20260702_bpcplx_r2,c2hls-tierA-complex,Devstral,Tier-A complex flash,spector_hls_template_matching,spector_hls_template_matching,spector_hls,44280002.0,40148.0,final,1102.9192487795158,,,,
batch_parallel_complex_tier_a_30_remaining_20260704_065754,c2hls-tierA-complex,Devstral,Tier-A complex flash,forgebench_attention_op_p2,forgebench_attention_op_p2,forgebench,17057.0,,final_over,,,,,
batch_parallel_complex_tier_a_30_remaining_20260704_065754,c2hls-tierA-complex,Devstral,Tier-A complex flash,forgebench_attention_op_p3,forgebench_attention_op_p3,forgebench,17057.0,4868.0,final,3.5039030402629416,,,,
batch_parallel_complex_tier_a_30_remaining_20260704_065754,c2hls-tierA-complex,Devstral,Tier-A complex flash,forgebench_conv_B,forgebench_conv_B,forgebench,454688.0,185307.0,final,2.4537011553799912,,,,
batch_parallel_complex_tier_a_30_remaining_20260704_065754,c2hls-tierA-complex,Devstral,Tier-A complex flash,forgebench_conv_C,forgebench_conv_C,forgebench,1375058.0,14646516.0,final,0.09388294117181178,,,,
batch_parallel_complex_tier_a_30_remaining_20260704_065754,c2hls-tierA-complex,Devstral,Tier-A complex flash,forgebench_diff_dims_p2,forgebench_diff_dims_p2,forgebench,1348608.0,83097.0,final,16.229322358207877,,,,
batch_parallel_complex_tier_a_30_remaining_20260704_065754,c2hls-tierA-complex,Devstral,Tier-A complex flash,forgebench_diff_dims_p3,forgebench_diff_dims_p3,forgebench,1188881.0,36256.0,final,32.79128971756399,,,,
batch_parallel_complex_tier_a_30_remaining_20260704_065754,c2hls-tierA-complex,Devstral,Tier-A complex flash,forgebench_diff_orders_p2,forgebench_diff_orders_p2,forgebench,49947.0,443.0,final,112.7471783295711,,,,
batch_parallel_complex_tier_a_30_remaining_20260704_065754,c2hls-tierA-complex,Devstral,Tier-A complex flash,forgebench_testing_impl,forgebench_testing_impl,forgebench,2503.0,336.0,final,7.449404761904762,,,,
batch_parallel_complex_tier_a_30_remaining_20260704_065754,c2hls-tierA-complex,Devstral,Tier-A complex flash,forgebench_vec_mtx_p2,forgebench_vec_mtx_p2,forgebench,391.0,1222.0,final,0.3199672667757774,,,,
batch_parallel_complex_tier_a_30_remaining_20260704_065754,c2hls-tierA-complex,Devstral,Tier-A complex flash,hp_fft_n1024__UF2,hp_fft_n1024__UF2,hp_fft,2738.0,5859.0,final,0.4673152415087899,,,,
batch_parallel_complex_tier_a_30_remaining_20260704_065754,c2hls-tierA-complex,Devstral,Tier-A complex flash,hp_fft_n1024__UF32,hp_fft_n1024__UF32,hp_fft,486.0,4418.0,final,0.11000452693526483,,,,
batch_parallel_complex_tier_a_30_remaining_20260704_065754,c2hls-tierA-complex,Devstral,Tier-A complex flash,hp_fft_n1024__UF4,hp_fft_n1024__UF4,hp_fft,1575.0,6269.0,final,0.25123624182485244,,,,
batch_parallel_complex_tier_a_30_remaining_20260704_065754,c2hls-tierA-complex,Devstral,Tier-A complex flash,hp_fft_n256__UF2,hp_fft_n256__UF2,hp_fft,652.0,1332.0,final,0.4894894894894895,,,,
batch_parallel_complex_tier_a_30_remaining_20260704_065754,c2hls-tierA-complex,Devstral,Tier-A complex flash,hp_fft_n256__UF32,hp_fft_n256__UF32,hp_fft,198.0,972.0,final,0.2037037037037037,,,,
batch_parallel_complex_tier_a_30_remaining_20260704_065754,c2hls-tierA-complex,Devstral,Tier-A complex flash,hp_fft_n256__UF4,hp_fft_n256__UF4,hp_fft,423.0,1700.0,final,0.2488235294117647,,,,
batch_parallel_complex_tier_a_30_remaining_20260704_065754,c2hls-tierA-complex,Devstral,Tier-A complex flash,hp_fft_n256__UF8,hp_fft_n256__UF8,hp_fft,322.0,1044.0,final,0.30842911877394635,,,,
batch_parallel_complex_tier_a_30_remaining_20260704_100656,c2hls-tierA-complex,Devstral,Tier-A complex flash,forgebench_attention_op_p2,forgebench_attention_op_p2,forgebench,17057.0,12602.0,final,1.3535153150293604,,,,
batch_parallel_complex_tier_a_30_remaining_20260704_100656,c2hls-tierA-complex,Devstral,Tier-A complex flash,forgebench_attention_op_p3,forgebench_attention_op_p3,forgebench,17057.0,,final_over,,,,,
batch_parallel_complex_tier_a_30_remaining_20260704_100656,c2hls-tierA-complex,Devstral,Tier-A complex flash,forgebench_conv_C,forgebench_conv_C,forgebench,1375058.0,285660.0,final,4.813617587341595,,,,
batch_parallel_complex_tier_a_30_remaining_20260704_100656,c2hls-tierA-complex,Devstral,Tier-A complex flash,forgebench_diff_dims_p2,forgebench_diff_dims_p2,forgebench,1348608.0,2146467.0,final,0.628291979331618,,,,
batch_parallel_complex_tier_a_30_remaining_20260704_100656,c2hls-tierA-complex,Devstral,Tier-A complex flash,forgebench_diff_dims_p3,forgebench_diff_dims_p3,forgebench,1188881.0,6439075.0,final,0.18463537076365782,,,,
batch_parallel_complex_tier_a_30_remaining_20260704_100656,c2hls-tierA-complex,Devstral,Tier-A complex flash,forgebench_diff_orders_p2,forgebench_diff_orders_p2,forgebench,49947.0,443.0,final,112.7471783295711,,,,
batch_parallel_complex_tier_a_30_remaining_20260704_100656,c2hls-tierA-complex,Devstral,Tier-A complex flash,forgebench_diff_orders_p3,forgebench_diff_orders_p3,forgebench,280012.0,1073310.0,final,0.26088641678545804,,,,
batch_parallel_complex_tier_a_30_remaining_20260704_100656,c2hls-tierA-complex,Devstral,Tier-A complex flash,forgebench_testing_impl,forgebench_testing_impl,forgebench,2503.0,336.0,final,7.449404761904762,,,,
batch_parallel_complex_tier_a_30_remaining_20260704_100656,c2hls-tierA-complex,Devstral,Tier-A complex flash,forgebench_testing_unroll,forgebench_testing_unroll,forgebench,17250.0,9576.0,final,1.8013784461152882,,,,
batch_parallel_complex_tier_a_30_remaining_20260704_100656,c2hls-tierA-complex,Devstral,Tier-A complex flash,forgebench_vec_mtx_p2,forgebench_vec_mtx_p2,forgebench,391.0,263.0,final,1.4866920152091254,,,,
batch_parallel_complex_tier_a_30_remaining_20260704_100656,c2hls-tierA-complex,Devstral,Tier-A complex flash,hp_fft_n1024__UF2,hp_fft_n1024__UF2,hp_fft,2738.0,5859.0,final,0.4673152415087899,,,,
batch_parallel_complex_tier_a_30_remaining_20260704_100656,c2hls-tierA-complex,Devstral,Tier-A complex flash,hp_fft_n1024__UF32,hp_fft_n1024__UF32,hp_fft,486.0,4418.0,final,0.11000452693526483,,,,
batch_parallel_complex_tier_a_30_remaining_20260704_100656,c2hls-tierA-complex,Devstral,Tier-A complex flash,hp_fft_n1024__UF4,hp_fft_n1024__UF4,hp_fft,1575.0,6271.0,final,0.251156115452081,,,,
batch_parallel_complex_tier_a_30_remaining_20260704_100656,c2hls-tierA-complex,Devstral,Tier-A complex flash,hp_fft_n256__UF2,hp_fft_n256__UF2,hp_fft,652.0,1332.0,final,0.4894894894894895,,,,
batch_parallel_complex_tier_a_30_remaining_20260704_100656,c2hls-tierA-complex,Devstral,Tier-A complex flash,hp_fft_n256__UF32,hp_fft_n256__UF32,hp_fft,198.0,972.0,final,0.2037037037037037,,,,
batch_parallel_complex_tier_a_30_remaining_20260704_100656,c2hls-tierA-complex,Devstral,Tier-A complex flash,hp_fft_n256__UF4,hp_fft_n256__UF4,hp_fft,423.0,1700.0,final,0.2488235294117647,,,,
batch_parallel_complex_tier_a_30_remaining_20260704_100656,c2hls-tierA-complex,Devstral,Tier-A complex flash,hp_fft_n256__UF8,hp_fft_n256__UF8,hp_fft,322.0,2173.0,final,0.14818223653934653,,,,
hybrid-u280-machsuite-tierA-20260721-012940,chathls-machsuite-tierA,DeepSeek,ChatHLS hybrid agent (machsuite + Tier-A),forgebench_attention_op_p1,forgebench_attention_op_p1,forgebench,754462.0,754147.0,final,1.0004176904502704,,,,
hybrid-u280-machsuite-tierA-20260721-012940,chathls-machsuite-tierA,DeepSeek,ChatHLS hybrid agent (machsuite + Tier-A),forgebench_attention_op_p2,forgebench_attention_op_p2,forgebench,17057.0,16742.0,final,1.0188149563970852,,,,
hybrid-u280-machsuite-tierA-20260721-012940,chathls-machsuite-tierA,DeepSeek,ChatHLS hybrid agent (machsuite + Tier-A),forgebench_attention_op_p3,forgebench_attention_op_p3,forgebench,17057.0,16742.0,final,1.0188149563970852,,,,
hybrid-u280-machsuite-tierA-20260721-012940,chathls-machsuite-tierA,DeepSeek,ChatHLS hybrid agent (machsuite + Tier-A),forgebench_conv_A,forgebench_conv_A,forgebench,133088.0,29861974.0,final,0.004456771678925177,,,,
hybrid-u280-machsuite-tierA-20260721-012940,chathls-machsuite-tierA,DeepSeek,ChatHLS hybrid agent (machsuite + Tier-A),forgebench_conv_B,forgebench_conv_B,forgebench,454688.0,454428.0,final,1.0005721478430025,,,,
hybrid-u280-machsuite-tierA-20260721-012940,chathls-machsuite-tierA,DeepSeek,ChatHLS hybrid agent (machsuite + Tier-A),forgebench_conv_C,forgebench_conv_C,forgebench,1375058.0,1374797.0,final,1.0001898462100223,,,,
hybrid-u280-machsuite-tierA-20260721-012940,chathls-machsuite-tierA,DeepSeek,ChatHLS hybrid agent (machsuite + Tier-A),forgebench_diff_dims_p1,forgebench_diff_dims_p1,forgebench,2060282.0,2060029.0,final,1.0001228138050484,,,,
hybrid-u280-machsuite-tierA-20260721-012940,chathls-machsuite-tierA,DeepSeek,ChatHLS hybrid agent (machsuite + Tier-A),forgebench_diff_dims_p2,forgebench_diff_dims_p2,forgebench,1348608.0,1348355.0,final,1.0001876360454034,,,,
hybrid-u280-machsuite-tierA-20260721-012940,chathls-machsuite-tierA,DeepSeek,ChatHLS hybrid agent (machsuite + Tier-A),forgebench_diff_dims_p3,forgebench_diff_dims_p3,forgebench,1188881.0,1188628.0,final,1.0002128504460606,,,,
hybrid-u280-machsuite-tierA-20260721-012940,chathls-machsuite-tierA,DeepSeek,ChatHLS hybrid agent (machsuite + Tier-A),forgebench_diff_orders_p1,forgebench_diff_orders_p1,forgebench,111468.0,111278.0,final,1.0017074354319813,,,,
hybrid-u280-machsuite-tierA-20260721-012940,chathls-machsuite-tierA,DeepSeek,ChatHLS hybrid agent (machsuite + Tier-A),forgebench_diff_orders_p2,forgebench_diff_orders_p2,forgebench,49947.0,54718.0,final,0.9128074856537154,,,,
hybrid-u280-machsuite-tierA-20260721-012940,chathls-machsuite-tierA,DeepSeek,ChatHLS hybrid agent (machsuite + Tier-A),forgebench_diff_orders_p3,forgebench_diff_orders_p3,forgebench,280012.0,279822.0,final,1.0006790030805297,,,,
hybrid-u280-machsuite-tierA-20260721-012940,chathls-machsuite-tierA,DeepSeek,ChatHLS hybrid agent (machsuite + Tier-A),forgebench_gpt_transformer_p1,forgebench_gpt_transformer_p1,forgebench,73978.0,80796.0,final,0.915614634387841,,,,
hybrid-u280-machsuite-tierA-20260721-012940,chathls-machsuite-tierA,DeepSeek,ChatHLS hybrid agent (machsuite + Tier-A),forgebench_llama_transformer_p2,forgebench_llama_transformer_p2,forgebench,80828.0,87518.0,final,0.9235585822345117,,,,
hybrid-u280-machsuite-tierA-20260721-012940,chathls-machsuite-tierA,DeepSeek,ChatHLS hybrid agent (machsuite + Tier-A),forgebench_mlp,forgebench_mlp,forgebench,372981.0,378243.0,final,0.9860883083097374,,,,
hybrid-u280-machsuite-tierA-20260721-012940,chathls-machsuite-tierA,DeepSeek,ChatHLS hybrid agent (machsuite + Tier-A),forgebench_mult_op_p1,forgebench_mult_op_p1,forgebench,10642.0,12934.0,final,0.8227926395546621,,,,
hybrid-u280-machsuite-tierA-20260721-012940,chathls-machsuite-tierA,DeepSeek,ChatHLS hybrid agent (machsuite + Tier-A),forgebench_mult_op_p2,forgebench_mult_op_p2,forgebench,1401.0,1209.0,final,1.1588089330024813,,,,
hybrid-u280-machsuite-tierA-20260721-012940,chathls-machsuite-tierA,DeepSeek,ChatHLS hybrid agent (machsuite + Tier-A),forgebench_mult_op_p3,forgebench_mult_op_p3,forgebench,419.0,276.0,final,1.5181159420289856,,,,
hybrid-u280-machsuite-tierA-20260721-012940,chathls-machsuite-tierA,DeepSeek,ChatHLS hybrid agent (machsuite + Tier-A),forgebench_testing_impl,forgebench_testing_impl,forgebench,2503.0,3481.0,final,0.7190462510772766,,,,
hybrid-u280-machsuite-tierA-20260721-012940,chathls-machsuite-tierA,DeepSeek,ChatHLS hybrid agent (machsuite + Tier-A),forgebench_testing_unroll,forgebench_testing_unroll,forgebench,17250.0,18350.0,final,0.9400544959128065,,,,
hybrid-u280-machsuite-tierA-20260721-012940,chathls-machsuite-tierA,DeepSeek,ChatHLS hybrid agent (machsuite + Tier-A),forgebench_tiled_attn_p1,forgebench_tiled_attn_p1,forgebench,754462.0,754147.0,final,1.0004176904502704,,,,
hybrid-u280-machsuite-tierA-20260721-012940,chathls-machsuite-tierA,DeepSeek,ChatHLS hybrid agent (machsuite + Tier-A),forgebench_tiled_attn_p2,forgebench_tiled_attn_p2,forgebench,190434.0,190119.0,final,1.0016568570211288,,,,
hybrid-u280-machsuite-tierA-20260721-012940,chathls-machsuite-tierA,DeepSeek,ChatHLS hybrid agent (machsuite + Tier-A),forgebench_vec_mtx_p1,forgebench_vec_mtx_p1,forgebench,1399.0,1208.0,final,1.158112582781457,,,,
hybrid-u280-machsuite-tierA-20260721-012940,chathls-machsuite-tierA,DeepSeek,ChatHLS hybrid agent (machsuite + Tier-A),forgebench_vec_mtx_p2,forgebench_vec_mtx_p2,forgebench,391.0,1160.0,final,0.33706896551724136,,,,
hybrid-u280-machsuite-tierA-20260721-012940,chathls-machsuite-tierA,DeepSeek,ChatHLS hybrid agent (machsuite + Tier-A),hp_fft_n1024__UF1,hp_fft_n1024__UF1,hp_fft,5811.0,5809.0,final,1.0003442933379239,,,,
hybrid-u280-machsuite-tierA-20260721-012940,chathls-machsuite-tierA,DeepSeek,ChatHLS hybrid agent (machsuite + Tier-A),hp_fft_n1024__UF16,hp_fft_n1024__UF16,hp_fft,681.0,680.0,final,1.0014705882352941,,,,
hybrid-u280-machsuite-tierA-20260721-012940,chathls-machsuite-tierA,DeepSeek,ChatHLS hybrid agent (machsuite + Tier-A),hp_fft_n1024__UF2,hp_fft_n1024__UF2,hp_fft,2738.0,,,,,,,
hybrid-u280-machsuite-tierA-20260721-012940,chathls-machsuite-tierA,DeepSeek,ChatHLS hybrid agent (machsuite + Tier-A),hp_fft_n1024__UF32,hp_fft_n1024__UF32,hp_fft,486.0,485.0,final,1.002061855670103,,,,
hybrid-u280-machsuite-tierA-20260721-012940,chathls-machsuite-tierA,DeepSeek,ChatHLS hybrid agent (machsuite + Tier-A),hp_fft_n1024__UF4,hp_fft_n1024__UF4,hp_fft,1575.0,1575.0,final,1.0,,,,
hybrid-u280-machsuite-tierA-20260721-012940,chathls-machsuite-tierA,DeepSeek,ChatHLS hybrid agent (machsuite + Tier-A),hp_fft_n1024__UF8,hp_fft_n1024__UF8,hp_fft,948.0,946.0,final,1.0021141649048626,,,,
hybrid-u280-machsuite-tierA-20260721-012940,chathls-machsuite-tierA,DeepSeek,ChatHLS hybrid agent (machsuite + Tier-A),hp_fft_n1024__no_StagePipeline,hp_fft_n1024__no_StagePipeline,hp_fft,5162.0,5018.0,final,1.0286966919091272,,,,
hybrid-u280-machsuite-tierA-20260721-012940,chathls-machsuite-tierA,DeepSeek,ChatHLS hybrid agent (machsuite + Tier-A),hp_fft_n1024__original_C_style,hp_fft_n1024__original_C_style,hp_fft,37281.0,37137.0,final,1.0038775345342918,,,,
hybrid-u280-machsuite-tierA-20260721-012940,chathls-machsuite-tierA,DeepSeek,ChatHLS hybrid agent (machsuite + Tier-A),hp_fft_n256__UF1,hp_fft_n256__UF1,hp_fft,1293.0,1291.0,final,1.0015491866769946,,,,
hybrid-u280-machsuite-tierA-20260721-012940,chathls-machsuite-tierA,DeepSeek,ChatHLS hybrid agent (machsuite + Tier-A),hp_fft_n256__UF16,hp_fft_n256__UF16,hp_fft,241.0,,,,,,,
hybrid-u280-machsuite-tierA-20260721-012940,chathls-machsuite-tierA,DeepSeek,ChatHLS hybrid agent (machsuite + Tier-A),hp_fft_n256__UF2,hp_fft_n256__UF2,hp_fft,652.0,650.0,final,1.003076923076923,,,,
hybrid-u280-machsuite-tierA-20260721-012940,chathls-machsuite-tierA,DeepSeek,ChatHLS hybrid agent (machsuite + Tier-A),hp_fft_n256__UF32,hp_fft_n256__UF32,hp_fft,198.0,197.0,final,1.0050761421319796,,,,
hybrid-u280-machsuite-tierA-20260721-012940,chathls-machsuite-tierA,DeepSeek,ChatHLS hybrid agent (machsuite + Tier-A),hp_fft_n256__UF4,hp_fft_n256__UF4,hp_fft,423.0,423.0,final,1.0,,,,
hybrid-u280-machsuite-tierA-20260721-012940,chathls-machsuite-tierA,DeepSeek,ChatHLS hybrid agent (machsuite + Tier-A),hp_fft_n256__UF8,hp_fft_n256__UF8,hp_fft,322.0,,,,,,,
hybrid-u280-machsuite-tierA-20260721-012940,chathls-machsuite-tierA,DeepSeek,ChatHLS hybrid agent (machsuite + Tier-A),hp_fft_n256__no_StagePipeline,hp_fft_n256__no_StagePipeline,hp_fft,1684.0,1540.0,final,1.0935064935064935,,,,
hybrid-u280-machsuite-tierA-20260721-012940,chathls-machsuite-tierA,DeepSeek,ChatHLS hybrid agent (machsuite + Tier-A),hp_fft_n256__original_C_style,hp_fft_n256__original_C_style,hp_fft,8509.0,8365.0,final,1.0172145845786014,,,,
hybrid-u280-machsuite-tierA-20260721-012940,chathls-machsuite-tierA,DeepSeek,ChatHLS hybrid agent (machsuite + Tier-A),machsuite_aes_table,machsuite_aes_table,machsuite,134242.0,,,,,,,
hybrid-u280-machsuite-tierA-20260721-012940,chathls-machsuite-tierA,DeepSeek,ChatHLS hybrid agent (machsuite + Tier-A),machsuite_aes_tableless,machsuite_aes_tableless,machsuite,146890.0,,,,,,,
hybrid-u280-machsuite-tierA-20260721-012940,chathls-machsuite-tierA,DeepSeek,ChatHLS hybrid agent (machsuite + Tier-A),machsuite_backprop,machsuite_backprop,machsuite,279873283.0,,,,,,,
hybrid-u280-machsuite-tierA-20260721-012940,chathls-machsuite-tierA,DeepSeek,ChatHLS hybrid agent (machsuite + Tier-A),machsuite_bfs_bulk,machsuite_bfs_bulk,machsuite,14652591.0,208650.0,final,70.22569374550683,,,,
hybrid-u280-machsuite-tierA-20260721-012940,chathls-machsuite-tierA,DeepSeek,ChatHLS hybrid agent (machsuite + Tier-A),machsuite_fft_transpose,machsuite_fft_transpose,machsuite,26433.0,,,,,,,
hybrid-u280-machsuite-tierA-20260721-012940,chathls-machsuite-tierA,DeepSeek,ChatHLS hybrid agent (machsuite + Tier-A),machsuite_gemm_blocked,machsuite_gemm_blocked,machsuite,901125.0,1377281.0,final,0.6542782482296641,,,,
hybrid-u280-machsuite-tierA-20260721-012940,chathls-machsuite-tierA,DeepSeek,ChatHLS hybrid agent (machsuite + Tier-A),machsuite_gemm_ncubed,machsuite_gemm_ncubed,machsuite,295512.0,,,,,,,
hybrid-u280-machsuite-tierA-20260721-012940,chathls-machsuite-tierA,DeepSeek,ChatHLS hybrid agent (machsuite + Tier-A),machsuite_md_grid,machsuite_md_grid,machsuite,,,,,,,,
hybrid-u280-machsuite-tierA-20260721-012940,chathls-machsuite-tierA,DeepSeek,ChatHLS hybrid agent (machsuite + Tier-A),machsuite_md_knn,machsuite_md_knn,machsuite,13748.0,2560.0,final,5.3703125,,,,
hybrid-u280-machsuite-tierA-20260721-012940,chathls-machsuite-tierA,DeepSeek,ChatHLS hybrid agent (machsuite + Tier-A),machsuite_sort_radix,machsuite_sort_radix,machsuite,19274417.0,,,,,,,
hybrid-u280-machsuite-tierA-20260721-012940,chathls-machsuite-tierA,DeepSeek,ChatHLS hybrid agent (machsuite + Tier-A),machsuite_spmv_ellpack,machsuite_spmv_ellpack,machsuite,270219.0,2559.0,final,105.5955451348183,,,,
hybrid-u280-machsuite-tierA-20260721-012940,chathls-machsuite-tierA,DeepSeek,ChatHLS hybrid agent (machsuite + Tier-A),machsuite_stencil2D,machsuite_stencil2D,machsuite,140762.0,12108.0,final,11.625536835150314,,,,
hybrid-u280-machsuite-tierA-20260721-012940,chathls-machsuite-tierA,DeepSeek,ChatHLS hybrid agent (machsuite + Tier-A),machsuite_stencil3D,machsuite_stencil3D,machsuite,90919.0,22793.0,final,3.9889001009081735,,,,
hybrid-u280-machsuite-tierA-20260721-012940,chathls-machsuite-tierA,DeepSeek,ChatHLS hybrid agent (machsuite + Tier-A),machsuite_viterbi,machsuite_viterbi,machsuite,636989.0,,,,,,,
hybrid-u280-machsuite-tierA-20260721-012940,chathls-machsuite-tierA,DeepSeek,ChatHLS hybrid agent (machsuite + Tier-A),spector_hls_dct,spector_hls_dct,spector_hls,229244929.0,,,,,,,
hybrid-u280-machsuite-tierA-20260721-012940,chathls-machsuite-tierA,DeepSeek,ChatHLS hybrid agent (machsuite + Tier-A),spector_hls_fir,spector_hls_fir,spector_hls,273177.0,,,,,,,
hybrid-u280-machsuite-tierA-20260721-012940,chathls-machsuite-tierA,DeepSeek,ChatHLS hybrid agent (machsuite + Tier-A),spector_hls_histogram,spector_hls_histogram,spector_hls,1762.0,515.0,final,3.421359223300971,,,,
hybrid-u280-machsuite-tierA-20260721-012940,chathls-machsuite-tierA,DeepSeek,ChatHLS hybrid agent (machsuite + Tier-A),spector_hls_matrix_multiplication,spector_hls_matrix_multiplication,spector_hls,153592266753.0,,,,,,,
hybrid-u280-machsuite-tierA-20260721-012940,chathls-machsuite-tierA,DeepSeek,ChatHLS hybrid agent (machsuite + Tier-A),spector_hls_mergesort,spector_hls_mergesort,spector_hls,21971.0,,,,,,,
hybrid-u280-machsuite-tierA-20260721-012940,chathls-machsuite-tierA,DeepSeek,ChatHLS hybrid agent (machsuite + Tier-A),spector_hls_normals,spector_hls_normals,spector_hls,11770040.0,,,,,,,
hybrid-u280-machsuite-tierA-20260721-012940,chathls-machsuite-tierA,DeepSeek,ChatHLS hybrid agent (machsuite + Tier-A),spector_hls_sobel_filter_x,spector_hls_sobel_filter_x,spector_hls,,677927.0,final,,,,,
hybrid-u280-machsuite-tierA-20260721-012940,chathls-machsuite-tierA,DeepSeek,ChatHLS hybrid agent (machsuite + Tier-A),spector_hls_sobel_filter_y,spector_hls_sobel_filter_y,spector_hls,,,,,,,,
hybrid-u280-machsuite-tierA-20260721-012940,chathls-machsuite-tierA,DeepSeek,ChatHLS hybrid agent (machsuite + Tier-A),spector_hls_spmv,spector_hls_spmv,spector_hls,225793.0,,,,,,,
hybrid-u280-machsuite-tierA-20260721-012940,chathls-machsuite-tierA,DeepSeek,ChatHLS hybrid agent (machsuite + Tier-A),spector_hls_template_matching,spector_hls_template_matching,spector_hls,44280002.0,,,,,,,
